PIANISTA AMPARO ITURBI;-0.38201751910213766; 3.945.464.970.839.120,00 
DOLORES MARQUES;-0.36290205456609403; 3.948.635.980.066.970,00 
GONZALEZ MARTI;-0.3931481108372422; 3.947.383.834.378.930,00 
HERNAN CORTES;-0.3719048598618327; 3.946.895.362.812.270,00 
VIVER;-0.3656707789858892; 3.948.682.461.967.900,00 
MARQUES DE SAN JUAN;-0.39726894930887036; 3.947.781.834.074.870,00 
JORGE JUAN;-0.3686536499473473; 39.468.385.673.142.000,00 
CIRILO AMOROS;-0.3686300370447862; 3.946.844.720.903.550,00 
JESUS;-0.3848757508855925; 39.464.386.296.957.300,00 
DEMOCRACIA;-0.39601027962770763; 39.474.061.447.391.800,00 
DEMOCRACIA;-0.3995995759072712; 39.473.660.973.960.500,00 
DEMOCRACIA;-0.4003864396457786; 3.947.334.673.863.800,00 
FRANCIA;-0.3519297074091312; 3.946.044.953.502.010,00 
FRANCIA;-0.35115323812986415; 39.459.904.998.022.500,00 
CIUDADELA;-0.3694975682106907; 3.947.549.801.711.470,00 
BURRIANA;-0.3684829256554975; 39.464.346.733.829.600,00 
JUAN RAMON JIMENEZ;-0.3744291902112608; 3.945.244.253.803.500,00 
JUAN RAMON JIMENEZ;-0.3761507078064391; 39.454.920.984.830.600,00 
PEDREGUER;-0.3751521795231065; 39.454.025.879.988.700,00 
CONDE DE ALTEA;-0.3680341897304523; 394.659.628.211.083,00 
CONDE DE ALTEA;-0.3669443841516313; 3.946.642.334.788.600,00 
MALUQUER;-0.38504736693404334; 3.946.287.866.819.210,00 
JUAN LLORENS;-0.39097335413398193; 39.472.961.060.898.600,00 
ALCACER;-0.4069459873935378; 39.470.680.694.986.800,00 
LUIS LAMARCA;-0.4005521737324992; 3.947.091.890.012.370,00 
ALCACER;-0.4090389774216324; 3.947.138.111.263.810,00 
ARCHENA;-0.406540319746425; 3.947.139.889.006.800,00 
ALCACER;-0.4076334004833276; 3.947.103.919.593.770,00 
PERE MARIA ORTS I BOSCH (HISTORIADOR);-0.4145134963533798; 3.947.019.014.282.090,00 
OEST;-0.37970665628861516; 3.946.946.566.751.300,00 
CONCHA ESPINA;-0.35115335686009325; 3.947.261.175.829.710,00 
BAILEN;-0.3779476499251307; 3.946.695.257.225.380,00 
BAILEN;-0.3782324576140812; 39.466.286.472.571.000,00 
REINA;-0.3280868034456454; 3.947.296.489.218.320,00 
PINTOR VILAR;-0.37161700907270984; 3.948.239.354.800.150,00 
BARRACA;-0.3295301081826797; 3.946.685.033.920.780,00 
REINA;-0.3288994137410855; 394.666.500.392.667,00 
REINA;-0.3291373844012427; 394.658.657.038.915,00 
DOCTOR LLUCH;-0.3285055121105535; 3.946.675.653.081.620,00 
NAVARRO REVERTER;-0.36620586639055536; 3.947.091.023.065.290,00 
NAVARRO REVERTER;-0.36715138531734776; 3.947.137.518.557.950,00 
SAN MARCELINO;-0.39044638365490575; 3.944.533.850.556.470,00 
REVERENDO JOSE NOGUERA;-0.39132594607212123; 3.944.631.777.301.670,00 
MUSICO CABANILLES;-0.38980057572742893; 3.944.467.774.584.710,00 
GUILLEM DE CASTRO;-0.38406258008760846; 39.474.523.779.410.200,00 
GUILLEM DE CASTRO;-0.3839245963096517; 39.477.407.516.372.500,00 
GUILLEM DE CASTRO;-0.38398114027499375; 3.947.358.187.749.770,00 
GUILLEM DE CASTRO;-0.3840028220665071; 3.947.402.904.007.680,00 
DOCTOR JUAN REGLA;-0.3587941340110917; 3.947.361.969.422.850,00 
DOCTOR MANUEL CANDELA;-0.34982156841881373; 3.946.865.070.975.090,00 
PUERTO RICO;-0.37413773108855186; 394.619.672.296,00 
JUMILLA;-0.40473981506634465; 39.467.272.556.410.000,00 
MALVARROSA;-0.3277948797560919; 3.948.407.147.949.930,00 
JOSE BENLLIURE;-0.3306815958363166; 39.467.220.711.703.700,00 
JOSE BENLLIURE;-0.33098915677455937; 39.464.238.496.080.800,00 
PADRE LUIS NAVARRO;-0.3299058560519426; 3.946.718.658.480.620,00 
REUS;-0.38482768298951864; 3.948.524.998.233.870,00 
SAN JACINTO;-0.391524794471753; 39.475.089.826.508.700,00 
FRANCISCO BALDOMA;-0.3334322969647418; 3.946.568.383.726.020,00 
JOSE MARIA HARO (MAGISTRAT);-0.3382249061899259; 3.946.988.107.577.330,00 
JOSE MARIA MORTES LERMA;-0.40201567948974215; 3.946.283.754.756.950,00 
DOCTOR SERRA;-0.37518838201695276; 3.946.705.635.215.500,00 
COLON;-0.3746298960387786; 3.946.722.527.307.930,00 
COLON;-0.3730476326721094; 3.946.832.002.220.640,00 
COLON;-0.37241240302824896; 3.946.876.637.097.000,00 
COLON;-0.3700184118393776; 3.947.058.395.551.830,00 
COLON;-0.36944265630560597; 39.471.108.595.473.200,00 
MARINO ALBESA;-0.3439022664316581; 39.465.557.175.103.100,00 
DOCTOR LLUCH;-0.32886217180006344; 3.946.432.577.610.360,00 
REINA;-0.3293578454411013; 394.643.767.344.394,00 
BARRACA;-0.32964771462654713; 3.946.539.486.955.540,00 
BARRACA;-0.3299419215498641; 394.638.711.529.253,00 
POETA ARTOLA;-0.3488064298182463; 3.947.585.211.819.390,00 
XUQUER;-0.35011587525246274; 39.476.461.662.795.700,00 
XUQUER;-0.35071674560441285; 39.475.792.121.323.200,00 
GUILLEM DE CASTRO;-0.3840247349011795; 39.472.839.227.115.800,00 
GUILLEM DE CASTRO;-0.38398159144472016; 3.947.358.317.591.310,00 
GUILLEM DE CASTRO;-0.38400488511911235; 39.474.027.960.418.200,00 
GUILLEM DE CASTRO;-0.3840668990378166; 39.474.524.849.583.800,00 
GUILLEM DE CASTRO;-0.3840755693518355; 3.947.665.841.901.760,00 
GUILLEM DE CASTRO;-0.38392984111304485; 3.947.740.622.006.410,00 
REQUENA;-0.3800145540790117; 3.946.998.545.357.410,00 
VALENCIA CLUB DE FUTBOL;-0.35987956484138955; 3.947.475.191.538.440,00 
NAVARRO REVERTER;-0.36647682359017897; 394.710.445.302.825,00 
JOSE BALLESTER GOZALVO;-0.3248796954248993; 3.946.954.390.677.800,00 
LITERATO AZORIN;-0.376856482934502; 3.945.924.715.634.170,00 
CARTEROS;-0.3894248022556523; 3.944.847.537.221.320,00 
TOMAS DE VILLARROYA;-0.3878682819290914; 3.944.783.698.919.510,00 
CASTELL DE POP;-0.3342895831020827; 39.448.367.346.627.800,00 
PARQUE NAZARET;-0.3329668512059119; 394.488.191.142.851,00 
JESUS;-0.38835690846612164; 3.946.059.901.863.020,00 
LORENZO SALOM;-0.38609027855944755; 39.456.773.291.765.900,00 
SAN VICENTE MARTIR;-0.38387527801365995; 394.557.705.544.307,00 
JOAQUIN NAVARRO;-0.3870044678667672; 3.945.291.248.411.670,00 
LEPANTO;-0.3861421625113259; 3.947.403.806.330.190,00 
JOAQUIN NAVARRO;-0.3854074503179968; 39.452.710.806.217.600,00 
ZORRILLA;-0.36684474893589686; 3.944.363.550.424.380,00 
PUERTO DE SANTA MARIA;-0.39972585873582694; 3.948.466.329.696.870,00 
MOSSEN CUENCA;-0.3389051223900046; 3.942.231.927.277.000,00 
XATIVA;-0.37945341706939684; 39.468.086.862.528.700,00 
GUILLEM DE CASTRO;-0.38010987544778446; 3.946.822.131.844.880,00 
PADILLA;-0.3789308630383905; 3.946.988.813.551.990,00 
PADILLA;-0.37931343218205316; 3.947.003.930.073.120,00 
PUERTO;-0.33798902290303573; 3.946.146.452.795.070,00 
OLTA;-0.3755231902291722; 3.945.254.079.482.110,00 
OLTA;-0.37662241764210164; 394.527.400.580.886,00 
OLTA;-0.37773324532115704; 3.945.263.543.494.570,00 
DOLORES MARQUES;-0.3623316088874284; 39.487.463.164.189.200,00 
SAN VICENTE MARTIR;-0.38046252842154055; 3.946.717.312.971.140,00 
CONDE DE ALTEA;-0.36835626570421315; 3.946.595.574.588.940,00 
ROIG DE CORELLA;-0.384005741176315; 39.459.676.293.450.500,00 
JESUS;-0.38855843599490547; 3.946.023.495.999.810,00 
CIRILO AMOROS;-0.3711543208264863; 39.467.504.245.462.100,00 
GORGOS;-0.3517982068197196; 39.476.214.760.618.800,00 
SO-ADOR;-0.40392448858628544; 3.953.893.050.689.210,00 
ALBERIQUE;-0.3880195857134412; 394.664.482.441.055,00 
MICER RABASA;-0.3875510580308492; 3.945.666.997.698.040,00 
LIBRERO ESCLAPES;-0.37530264541617536; 3.949.754.203.512.380,00 
CONDE DE SALVATIERRA;-0.36741764574477; 39.468.668.104.946.800,00 
CONDE DE SALVATIERRA;-0.3674810192841128; 39.468.758.925.733.400,00 
PRIMADO REIG;-0.3657689869058214; 3.948.619.025.993.570,00 
MONESTIR DE POBLET;-0.39479023068694014; 3.948.491.623.312.880,00 
JOSE MARIA MORTES LERMA;-0.4036595026011009; 3.946.289.452.536.390,00 
PEDRO III EL GRANDE;-0.37029260846971124; 3.946.199.978.037.200,00 
BARON DE CORTES;-0.3719142396803076; 3.946.197.055.418.900,00 
SECANET;-0.4226929086391482; 3.950.053.581.055.290,00 
PIE DE LA CRUZ;-0.3800830309416645; 3.947.313.413.183.990,00 
JOAQUIN COSTA;-0.3670900091524782; 39.466.116.285.433.500,00 
CONDE DE TRENOR;-0.3756636015760637; 39.478.901.854.728.000,00 
BLANQUERIAS;-0.3765222133814545; 39.479.336.979.772.600,00 
SALVADOR GINER;-0.37989232442019555; 3.948.020.322.218.340,00 
DOCTOR SANCHIS BERGON;-0.386301070140364; 3.947.856.803.876.950,00 
SAN MIGUEL;-0.38029019198365915; 394.775.461.935.787,00 
DOCTOR COLLADO;-0.3779224164942239; 3.947.425.170.662.320,00 
APARISI Y GUIJARRO;-0.37164797421769263; 39.475.091.974.366.400,00 
ALFONSO EL MAGNANIMO;-0.3707018659636659; 3.947.257.889.479.990,00 
AYUNTAMIENTO;-0.37567443090415975; 39.469.662.259.485.000,00 
POETA ALBEROLA;-0.39310380715079674; 39.469.227.843.612.800,00 
VERA;-0.35865040130335063; 39.481.074.891.002.100,00 
COFRENTES;-0.3659633184994145; 39.485.790.496.145.700,00 
ALBEROLA;-0.37038882564139713; 39.454.602.756.839.800,00 
ADOR;-0.36247890415680123; 3.942.888.053.622.410,00 
PINTOR FERRANDIS;-0.32914904114894933; 3.947.194.911.846.930,00 
SAN PIO X;-0.389203286062577; 39.445.620.106.576.000,00 
SAGUNTO;-0.3745958533285715; 3.948.599.933.858.420,00 
DEMOCRACIA;-0.40055394175036274; 3.947.342.632.183.430,00 
CIRILO AMOROS;-0.37317264500860603; 3.946.656.089.863.300,00 
SEGORBE;-0.37626124914945563; 39.465.415.157.913.700,00 
CASTELLON;-0.3761205322137365; 3.946.524.015.601.510,00 
MANUEL SANCHIS GUARNER;-0.3753536172183313; 3.945.729.980.876.890,00 
CRUZ DEL CAgAMELAR;-0.3317790663159364; 3.946.791.117.432.160,00 
MEDITERRANEO;-0.3299853530329986; 3.946.779.053.719.280,00 
MEDITERRANEO;-0.33119360470327935; 3.946.777.257.207.450,00 
DOCTOR VICENTE ZARAGOZA;-0.363174221381167; 39.485.170.226.448.300,00 
CIUDAD DE MULA;-0.35340067313647383; 3.947.402.538.407.810,00 
NARANJOS;-0.3466950004641959; 3.948.001.872.317.440,00 
MANUEL BROSETA I PONT (IL.LUSTRE CATEDRATIC);-0.34238580904851484; 3.947.877.576.049.290,00 
NARANJOS;-0.3409633916134032; 39.478.365.015.434.800,00 
ROJAS CLEMENTE;-0.38548399319595206; 3.947.314.623.210.730,00 
BACHILLER;-0.36329545269591196; 3.948.245.470.047.680,00 
SAN JUAN DE LA PEeA;-0.3704323964017928; 3.949.606.135.907.220,00 
SEVILLA;-0.3740119627547121; 3.946.380.003.058.420,00 
CAUDETE;-0.317649568050733; 3.930.950.935.846.930,00 
FRANCISCO SEMPERE;-0.371156122288846; 3.946.098.543.935.920,00 
FRANCISCO SEMPERE;-0.37067934863188096; 39.460.477.935.522.500,00 
XATIVA;-0.3784424274746395; 394.678.281.742.899,00 
VICENTE SANCHO TELLO;-0.35580844896739394; 39.469.372.232.580.900,00 
BURJASOT;-0.3962812239318219; 3.949.509.726.343.010,00 
BURJASOT;-0.3955659630463674; 39.494.519.003.447.900,00 
BURJASOT;-0.39504509767405854; 3.949.390.378.313.330,00 
BURJASOT;-0.3942798898141555; 39.493.278.387.685.800,00 
BURJASOT;-0.39344341976665376; 3.949.247.472.626.420,00 
BURJASOT;-0.392537682961359; 3.949.160.170.440.080,00 
BURJASOT;-0.392103447113564; 3.949.106.806.184.410,00 
BURJASOT;-0.3901317958632659; 3.948.910.869.539.930,00 
GORGOS;-0.3512859215091183; 3.947.632.959.492.070,00 
SERPIS;-0.3496702794039715; 3.947.612.271.731.090,00 
PLATA;-0.3617937125791828; 3.945.744.632.926.600,00 
PLATA;-0.36252356464794927; 39.457.135.785.371.400,00 
ALFONSO EL MAGNANIMO;-0.37049075523289066; 3.947.272.389.817.410,00 
SERPIS;-0.34268665042340934; 3.947.422.416.279.260,00 
SERPIS;-0.3461929529105596; 39.475.255.217.068.200,00 
HONDURAS;-0.34439568083773336; 39.474.269.194.913.000,00 
RAMIRO DE MAEZTU;-0.34813713175621375; 3.946.737.512.895.760,00 
ALMACERA;-0.3917328830149327; 3.945.273.890.532.660,00 
JERONIMA GALES (IMPRESSORA);-0.3915502193007236; 39.451.692.050.675.800,00 
JERONIMA GALES (IMPRESSORA);-0.3923169951216499; 394.502.916.702.466,00 
PRIMERO DE MAYO;-0.39180355602803607; 39.449.783.510.061.100,00 
PRIMERO DE MAYO;-0.3910791126793797; 3.944.951.600.341.540,00 
PRIMERO DE MAYO;-0.3903003503519231; 3.944.949.800.677.250,00 
EOLO;-0.3574187919287216; 3.947.126.059.711.210,00 
TRES CRUCES;-0.4057138848851037; 39.468.151.360.871.500,00 
TETUAN;-0.36987356102325275; 3.947.479.578.878.400,00 
SAN VICENTE MARTIR;-0.3802715839771997; 3.946.741.636.951.390,00 
FERRER Y BIGNE;-0.3856784158136341; 3.952.723.874.967.090,00 
JOAQUIN COSTA;-0.3668161988249147; 39.465.726.190.191.400,00 
JUAN XXIII;-0.38247553899959874; 3.949.079.761.140.190,00 
AVELLANAS;-0.37427068677191133; 3.947.443.825.526.930,00 
PEREZ BAYER;-0.3715224778265626; 3.946.982.331.018.680,00 
RAMON DE CASTRO;-0.3890627173863441; 39.463.574.564.468.800,00 
DOCTOR NICASIO BENLLOCH;-0.3967643713112235; 3.949.201.054.042.050,00 
POETA SERRANO CLAVERO;-0.3895383742808276; 3.949.162.011.488.100,00 
REVERENDO JOSE NOGUERA;-0.3923424314122886; 3.944.369.497.138.660,00 
PINTOR MATARANA;-0.3935356049385159; 39.492.933.251.727.900,00 
JOSE AGUILAR;-0.34138159379822897; 39.462.796.648.560.400,00 
DEMOCRACIA;-0.3978287944782226; 394.739.746.170.672,00 
EMILIO BARO;-0.3614825000781346; 39.486.353.574.568.700,00 
MAXIMILIANO THOUS;-0.3744329999800553; 39.487.671.804.445.600,00 
HERMANOS VILLALONGA;-0.3576488338132341; 3.948.382.862.794.620,00 
MOLINA DEL PALAU;-0.3706622551262799; 3.945.446.498.226.000,00 
PERIODISTA GIL SUMBIELA;-0.38350975890687444; 3.949.223.782.367.020,00 
AMADO GRANELL MESADO (MILITAR);-0.3653249961034342; 39.459.845.498.283.700,00 
ALBA;-0.3918992873939022; 3.943.539.151.129.140,00 
DAMA DE ELCHE;-0.3427699559255285; 3.946.277.021.395.390,00 
MASCARON;-0.2772693605721412; 39.279.122.917.328.500,00 
FUENTE DE SAN LUIS;-0.37168678515936404; 39.456.484.489.926.100,00 
ELIAS TORMO;-0.41947881953259203; 3.950.098.739.780.120,00 
SALAMANCA;-0.36515237807378764; 39.467.345.312.202.100,00 
DANIEL BALACIART;-0.3564203197727487; 3.947.968.650.381.420,00 
ERUDITO ORELLANA;-0.3874850943169383; 3.947.094.714.160.430,00 
JOAQUIN BENLLOCH;-0.3755481981211591; 394.522.045.738.676,00 
LEOPOLDO PILES ROS (PROFESSOR);-0.39746586421920677; 3.946.347.901.531.470,00 
COTANDA;-0.3768811512444503; 3.947.100.885.122.660,00 
RODRIGO BOTET;-0.3753657473773952; 39.471.286.321.713.800,00 
LEONES;-0.34865562699654024; 3.946.495.668.338.540,00 
DOCTOR MANUEL CANDELA;-0.3505829754713096; 3.946.678.518.532.470,00 
BOLBAITE;-0.3278859707083269; 3.948.218.287.055.280,00 
CAMPAMENTO;-0.42535213449091613; 3.950.035.048.304.790,00 
CONDE DE ALTEA;-0.3657285699829983; 3.946.693.538.503.030,00 
ALMAZORA;-0.3710550834482336; 3.948.450.343.852.600,00 
ROGER DE LAURIA;-0.3744131673838322; 39.469.123.088.765.700,00 
LERIDA;-0.37788956456448664; 394.837.561.112.015,00 
ENRIQUE NAVARRO;-0.3568633951774852; 39.484.394.477.700.100,00 
ACTOR LLORENS;-0.35487001166315985; 3.946.809.055.828.920,00 
FUENTE DE SAN LUIS;-0.3715672584924074; 3.945.452.737.080.910,00 
JOSE BALLESTER GOZALVO;-0.32503442134557026; 3.948.283.352.561.350,00 
RODRIGO DE PERTEGAS;-0.344286763332196; 3.946.174.089.672.660,00 
VICENTE BARRERA CAMBRA;-0.3573018012567213; 39.480.730.039.019.900,00 
SAN VICENTE MARTIR;-0.3770839060299961; 39.471.923.775.579.500,00 
CATALU;-0.3542180525264539; 3.947.860.103.259.540,00 
POETA QUINTANA;-0.370578698528523; 3.947.116.625.081.510,00 
CALLOSA DaEN SARRIA;-0.38764595553946046; 3.946.163.973.017.940,00 
CID;-0.39355274527831696; 3.946.777.237.601.050,00 
ENGUERA;-0.39472964473898836; 3.946.647.143.205.420,00 
CAMBRILS;-0.3799222282041328; 3.949.489.022.732.420,00 
RAFAEL TENES ESCRICH;-0.41769041582283317; 3.949.911.547.815.700,00 
HUMANISTA MARINER;-0.39378351278226137; 394.603.675.282.938,00 
CAMPOAMOR;-0.35327536611621874; 3.947.269.097.218.790,00 
BURJASOT;-0.3855683598061522; 3.948.523.665.923.830,00 
MALVARROSA;-0.3279894625769134; 394.788.559.620.044,00 
TURIA;-0.3854384918202622; 3.947.761.243.083.560,00 
ARTES Y OFICIOS;-0.35228518637172346; 3.946.781.942.178.650,00 
MONESTIR DE POBLET;-0.393349938813852; 3.948.551.882.833.970,00 
SAN CLEMENTE;-0.4023688159617103; 39.490.189.073.456.500,00 
PRINCIPAL;-0.36338217863124994; 39.430.263.892.491.100,00 
INDUSTRIA;-0.34389018895155365; 3.946.352.671.222.220,00 
QUART;-0.3820562580166246; 3.947.607.223.671.280,00 
BRASIL;-0.3992380774021135; 3.947.204.216.924.690,00 
SAN IGNACIO DE LOYOLA;-0.3904689453161543; 3.947.328.165.603.920,00 
POETA QUEROL;-0.374177261132111; 3.947.131.712.966.050,00 
ARQUITECTO RODRIGUEZ;-0.36919450212111943; 39.493.916.306.215.400,00 
FELIP MARIA GARIN;-0.3594962101253016; 3.946.816.343.222.800,00 
AUSIAS MARCH;-0.37345094492315273; 3.945.312.708.633.570,00 
MARQUES DEL TURIA;-0.36701102282798914; 3.946.782.425.581.220,00 
PADRE VICAS;-0.3705717086192078; 3.949.414.015.089.200,00 
JOSE MARIA HARO (MAGISTRAT);-0.33783355106209395; 3.947.185.025.977.540,00 
HEROE ROMEU;-0.3884777565589989; 39.469.246.355.270.500,00 
CALVO ACACIO;-0.3915425296274158; 39.453.389.846.270.300,00 
RODRIGUEZ DE CEPEDA;-0.3528394670386867; 3.946.850.135.531.110,00 
LINARES;-0.3950306703143595; 3.946.826.901.758.240,00 
CASTELL DE POP;-0.33376931494820294; 39.448.182.732.765.200,00 
AMADO GRANELL MESADO (MILITAR);-0.3639674098138749; 39.457.931.353.401.800,00 
ALCOY;-0.3771943137458581; 39.464.537.050.805.400,00 
DOCTOR WAKSMAN;-0.3693087117748599; 3.945.539.495.287.070,00 
MALAGA;-0.3825004157994096; 3.948.465.179.358.680,00 
VICENTE BRULL;-0.3323558408761587; 39.466.927.535.798.600,00 
DOCTOR VICENTE ZARAGOZA;-0.3601473977360792; 3.948.408.429.528.990,00 
FRANCISCO DE BELLVIS;-0.3402783228897819; 3.946.474.495.188.900,00 
ANGEL GUIMERA;-0.3856404496611606; 3.947.028.006.818.490,00 
DEMOCRACIA;-0.40011727734494557; 3.947.354.202.841.180,00 
GUILLEM DE ANGLESOLA;-0.34620287356696344; 39.464.224.024.138.000,00 
MALVARROSA;-0.3279790473255594; 3.948.108.467.740.040,00 
SAN FRANCISCO DE BORJA;-0.3851546595103031; 3.946.604.778.942.040,00 
BAILEN;-0.37852760691509696; 39.465.588.092.566.600,00 
RAMON LLULL;-0.34634759650738606; 3.947.799.221.878.390,00 
MU-IZ Y H. DE ALBA;-0.3471661094480593; 39.464.511.954.781.300,00 
JOSE SOTO MICO;-0.38914832844624514; 3.943.964.966.279.050,00 
HONORATO JUAN;-0.3866270980432451; 3.946.479.298.252.190,00 
RODRIGO DE PERTEGAS;-0.3429737274790545; 39.461.347.786.220.300,00 
PUERTO RICO;-0.37674006436969265; 394.608.724.927.418,00 
AYORA;-0.39367676622285364; 39.464.450.089.758.600,00 
ALBACETE;-0.3833351775102652; 3.946.410.976.073.510,00 
FELIPE VALLS;-0.4198865005933911; 3.950.302.512.018.140,00 
DEMOCRACIA;-0.3956211802356355; 3.947.414.385.210.070,00 
SAN JOSE DE CALASANZ;-0.3893959017287616; 3.946.695.615.927.110,00 
SAN VICENTE MARTIR;-0.38225859347649666; 3.946.291.556.832.240,00 
ALFAHUIR;-0.36633758577179365; 3.948.883.697.750.370,00 
MAESTRO GOZALBO;-0.369562296409081; 39.465.706.750.299.400,00 
DOCTOR PESET CERVERA;-0.38678486219808816; 3.947.472.970.061.810,00 
MAESTRO ESTEBAN CATALA;-0.36072014348616094; 394.819.532.749.308,00 
TOTANA;-0.39458014179957235; 3.946.973.356.336.590,00 
ARCHIDUQUE CARLOS;-0.3987961022627762; 39.461.267.172.420.000,00 
JUAN XXIII;-0.38261825587822923; 39.492.082.118.020.200,00 
PECHINA;-0.38532806323895047; 3.947.913.545.130.590,00 
GOYA;-0.39827404508040537; 3.947.333.089.706.240,00 
FRANCISCO CLIMENT;-0.38668518226970616; 39.455.361.266.043.600,00 
LUIS GARCIA-BERLANGA MARTI (DIRECTOR CINEMA);-0.34578039621152595; 3.945.587.141.093.020,00 
CIUDAD DE BRUJAS;-0.37953217618110996; 3.947.304.117.292.970,00 
AMADO GRANELL MESADO (MILITAR);-0.3647839592289719; 39.459.086.051.313.300,00 
BERNIA;-0.37279964352254286; 3.945.427.682.686.160,00 
CUENCA;-0.38789618627876987; 39.464.823.117.418.400,00 
PERIS BRELL;-0.34773703939965095; 39.464.671.009.171.700,00 
ACTOR LLORENS;-0.35534127349600675; 3.946.695.635.916.520,00 
SANTANDER;-0.3894188598078295; 39.454.321.947.967.700,00 
MADERAS;-0.3394118284265019; 39.462.190.315.495.700,00 
NOGUERA;-0.34165285356755143; 3.946.242.422.470.950,00 
ABEN AL ABBAR;-0.3529826112824751; 3.946.622.962.268.150,00 
PEREZ GALDOS;-0.39246713379208753; 3.947.040.808.446.760,00 
REGNE DE VALENCIA;-0.3682607829741969; 3.946.393.608.260.530,00 
GUILLEM DE ANGLESOLA;-0.34605098776136867; 3.946.415.412.504.300,00 
VEINTICINCO DE ABRIL;-0.3982685354891686; 394.704.457.693.867,00 
DOCTOR VICENTE ZARAGOZA;-0.3581840408943785; 3.948.368.072.065.240,00 
ALAMO;-0.3909151426689527; 39.491.862.239.521.000,00 
TAMARINDOS;-0.4023175526608923; 3.947.823.296.740.250,00 
POETA ALTET;-0.36417496737583605; 3.948.665.966.587.020,00 
ALCALDE ALBORS;-0.3954001448372215; 39.472.404.412.120.200,00 
MIGUEL SERVET;-0.3939231813145232; 3.948.807.360.947.890,00 
SAN JOSE DE PIGNATELLI;-0.3838680947773964; 3.949.119.584.667.590,00 
LLANERA DE RANES;-0.39086257385753276; 39.454.120.551.733.200,00 
ALMUDAINA;-0.3829390876523937; 3.945.359.420.599.280,00 
BELLO;-0.334834304476885; 3.946.040.064.853.330,00 
ALQUERIA DE LA ESTRELLA;-0.382963580603009; 3.948.535.718.175.270,00 
ZAPADORES;-0.3682771682890935; 3.945.769.753.703.540,00 
SAN COLUMBANO;-0.35778920323121755; 39.489.271.817.401.100,00 
PELAYO;-0.3798440190144989; 39.464.040.544.369.800,00 
JOSE GROLLO;-0.39445894907232737; 3.949.454.185.936.230,00 
ACTOR LLORENS;-0.35409701325276854; 39.469.671.089.597.000,00 
DUQUE DE MANDAS;-0.36609639046269826; 39.491.141.968.726.900,00 
DOCTOR ROYO VILANOVA;-0.3915904331880689; 3.944.372.119.637.640,00 
RIBERA;-0.3759923800334405; 3.946.739.756.415.470,00 
OEST;-0.3795818634269826; 39.470.689.870.514.000,00 
PINTOR STOLZ;-0.4011082620139992; 3.946.979.072.030.580,00 
DOCTOR ZAMENHOF;-0.3948725177620145; 3.947.455.620.635.870,00 
DOCTOR ZAMENHOF;-0.39194576247965784; 3.947.579.768.321.830,00 
HERMANOS VILLALONGA;-0.35706124757285257; 3.948.562.322.239.870,00 
ALBORAYA;-0.3703047257784333; 39.482.726.785.211.300,00 
ENRIQUE NAVARRO;-0.3585764685175707; 3.948.492.465.215.440,00 
PADRE SIMO;-0.42335770385140536; 39.503.885.539.963.900,00 
LEANDRO DE SARALEGUI;-0.34838297537359936; 39.475.145.737.551.000,00 
ARTURO PIERA;-0.3944853845504583; 3.947.020.765.430.220,00 
EMILIO BARO;-0.359165328265793; 3.949.133.405.187.080,00 
CONCHITA PIQUER;-0.3917759510453894; 3.948.688.320.644.020,00 
CAMP DE TURIA;-0.40041898984300067; 3.949.576.900.576.460,00 
POETA MAS Y ROS;-0.34780454536952005; 3.947.033.447.477.760,00 
JOSE BALLESTER GOZALVO;-0.3246710770171336; 3.947.687.553.630.840,00 
LEONES;-0.3472372137602763; 39.468.675.850.650.800,00 
DOCTOR WAKSMAN;-0.37456263843989485; 39.456.810.440.077.700,00 
VALLADOLID;-0.3582326160093978; 3.948.867.530.440.690,00 
TIRSO DE MOLINA;-0.39264194047879425; 39.478.479.760.491.300,00 
MU-OZ SECA;-0.3621025429273164; 3.947.266.197.699.570,00 
BLASCO IBArEZ;-0.36331034441709936; 3.947.812.389.360.040,00 
BUEN ORDEN;-0.3865667279390282; 3.946.679.586.149.340,00 
VIVES LIERN;-0.38055181689015755; 39.464.765.042.832.500,00 
AZCARRAGA;-0.39153897134935867; 3.947.405.789.692.060,00 
LUIS SANTANGEL;-0.36683992099419815; 394.616.749.424.052,00 
MOSSEN FENOLLAR;-0.38892119100095973; 394.612.552.881.762,00 
ALEJANDRO VOLTA;-0.4157365944200363; 3.946.789.559.492.610,00 
CORTS VALENCIANES;-0.40013414064663033; 39.490.722.658.310.600,00 
DOCTOR RAFAEL BARTUAL;-0.40415097204330164; 3.945.371.705.291.380,00 
MASQUEFA;-0.3589595538164966; 3.948.948.657.235.030,00 
SANTA MARIA MICAELA;-0.3929653594792501; 3.947.173.810.855.400,00 
LLANTERNERS;-0.4088983222071277; 3.946.264.315.244.220,00 
MUSICO MAGENTI;-0.35920246981972864; 3.948.315.023.718.530,00 
OLIVERETA;-0.39621374292777767; 39.472.395.680.849.600,00 
BURJASOT;-0.3998846104664979; 3.949.839.404.077.200,00 
BRASIL;-0.39607827734514606; 3.947.112.809.513.310,00 
ALAMEDA;-0.35107521023055976; 394.584.704.909.588,00 
BLASCO IBArEZ;-0.36396731843602476; 3.947.912.834.887.690,00 
MARQUES DEL TURIA;-0.36793267365884136; 3.946.742.612.595.500,00 
ALBACETE;-0.3825542278741507; 3.946.534.943.553.920,00 
JOSE BALLESTER GOZALVO;-0.32476786367907984; 3.948.113.937.281.660,00 
BARON DE SAN PETRILLO;-0.3602571851084906; 39.486.798.686.280.500,00 
JERONIMO MUgOZ;-0.3876605909668435; 3.945.937.044.786.740,00 
LERIDA;-0.37842612971673145; 39.483.894.295.679,00 
BLASCO IBArEZ;-0.35652700729308157; 39.476.916.322.932.800,00 
DEMOCRACIA;-0.3994114442881063; 3.947.357.601.793.140,00 
GASPAR AGUILAR;-0.3897604215597758; 3.945.751.447.635.550,00 
JOSE BENLLIURE;-0.330884031002685; 3.946.518.924.239.700,00 
SAGUNTO;-0.3751923365089458; 39.488.399.301.554.800,00 
CONSERVA;-0.3451262234518269; 3.946.400.456.483.000,00 
BEHRING;-0.3873959164014301; 3.944.307.762.192.110,00 
CUENCA TRAMOYERES;-0.3607130556862947; 39.483.156.783.421.400,00 
JOAQUIN BALLESTER;-0.38631056889417; 3.948.445.774.457.970,00 
ALMAZORA;-0.3719433680320276; 3.948.308.626.313.630,00 
SAGASTA;-0.3733209879406872; 3.946.974.994.189.020,00 
ARQUITECTO ALFARO;-0.33579347937059245; 39.461.310.534.744.500,00 
DIBUJANTE MANUEL GAGO;-0.39107751772762867; 39.462.186.002.757.400,00 
FELIX DEL RIO (ACTIVISTA VEANAL);-0.3834741793072151; 3.949.117.958.981.100,00 
COVADONGA;-0.37840603633968134; 39.486.841.587.735.400,00 
DUQUE DE GAETA;-0.35012439208334567; 3.946.539.381.193.360,00 
PADRE RICO;-0.3890317284503599; 3.947.191.885.342.640,00 
ISMAEL BLAT (PINTOR);-0.3906139853057541; 3.943.251.645.967.520,00 
VALLE DE AYORA;-0.3978535592359801; 39.491.296.558.108.000,00 
POETA SERRANO CLAVERO;-0.38859903851742866; 39.493.022.396.162.200,00 
ESCULTOR FRECHINA;-0.38961460425652233; 3.945.140.782.365.930,00 
FLORESTA;-0.34944822100138206; 394.652.065.678.246,00 
MU-OZ SECA;-0.3617563668599971; 39.473.254.499.077.100,00 
POBLA DE FARNALS;-0.3531687967148199; 3.946.999.338.415.210,00 
ANGEL GUIMERA;-0.38563800771077017; 3.947.027.450.886.640,00 
MARIA CRISTINA;-0.3775555261733339; 3.947.296.707.962.900,00 
ALAMEDA;-0.3490871734375802; 3.945.709.416.004.800,00 
OEST;-0.37966999841481414; 3.947.266.718.138.160,00 
BLANQUERIAS;-0.37693489604522157; 39.479.698.296.286.100,00 
SUECIA;-0.35923164939556324; 3.947.504.401.405.410,00 
ISLA CABRERA;-0.3774991021829028; 39.448.906.805.517.800,00 
MUSICO CABANILLES;-0.3920163846640295; 3.944.519.310.717.700,00 
CRONISTA RIVELLES;-0.37374357578452144; 39.480.808.815.531.200,00 
HERNAN CORTES;-0.3708005824905459; 3.946.738.493.938.740,00 
MAR;-0.3716137123772206; 3.947.356.040.856.010,00 
JOAQUIN COSTA;-0.36742753810990686; 3.946.659.455.108.690,00 
EMILIO BARO;-0.36125073085687187; 394.871.301.273.922,00 
MERCADO;-0.37842910027899657; 3.947.388.029.137.630,00 
ERNESTO FERRER;-0.35531003837932734; 3.947.187.008.489.810,00 
JESUS;-0.38337902489698533; 3.946.612.359.614.060,00 
SAN JOSE DE LA MONTAaA;-0.3928525983770842; 3.947.443.445.816.220,00 
VALLADOLID;-0.3593274244077602; 3.948.881.501.582.740,00 
CIUDAD DE MULA;-0.3538442823892629; 3.947.415.595.155.660,00 
CERVANTES;-0.3818838099990554; 3.946.703.160.298.620,00 
PERIS Y VALERO;-0.3699827867247937; 3.945.945.862.102.680,00 
VINALOPO;-0.3504233153400326; 3.947.726.396.583.900,00 
REAL DE GANDIA;-0.3548182903968085; 3.948.486.814.158.340,00 
LUIS LAMARCA;-0.4031736321890389; 3.947.080.915.062.080,00 
POETA MAS Y ROS;-0.3481306312269438; 3.947.031.327.760.580,00 
BLASCO IBArEZ;-0.3629812612505787; 3.947.883.668.623.330,00 
HORTICULTOR CORSET;-0.3917278069541125; 3.947.326.117.074.850,00 
HIGINIO NOJA (PROFESSOR);-0.34583706113936424; 3.946.243.989.874.360,00 
ARQUITECTO RODRIGUEZ;-0.3671779212502394; 39.495.635.138.272.500,00 
TORRENTE;-0.4029435040113604; 39.461.651.360.922.900,00 
JUAN DE GARAY;-0.3946335813491251; 39.454.635.282.437.200,00 
CASTIELFABIB;-0.3954406516389557; 39.477.832.547.076.900,00 
PINTOR SEGRELLES;-0.38568831419091537; 3.946.422.638.420.320,00 
BRASIL;-0.39531519837352597; 39.470.788.550.737.900,00 
JACA;-0.3672926403504034; 3.948.380.306.386.160,00 
JUAN LLORENS;-0.3917498209749138; 3.947.406.317.905.820,00 
MAESTRO PALAU;-0.38430737573894197; 3.947.156.505.957.270,00 
DENIA;-0.3773512445354896; 3.946.204.536.000.010,00 
PEREZ GALDOS;-0.3888631239137525; 39.465.072.373.345.500,00 
CRONISTA ALMELA Y VIVES;-0.3560224789175612; 3.947.775.773.095.560,00 
MANUEL CASTELLANOS;-0.3612875007982903; 3.948.675.028.842.180,00 
CISCAR;-0.36669131455063597; 3.946.749.006.493.940,00 
SU-SSA;-0.33546268289884384; 3.945.354.512.411.370,00 
TORRETA DE MIRAMAR;-0.3627185364595639; 3.948.762.326.689.800,00 
HISTORIADOR DIAGO;-0.3859741865430385; 39.466.486.865.576.700,00 
VALLE DE LA BALLESTERA;-0.3950697738317547; 3.948.029.953.122.440,00 
BILBAO;-0.3727498710647207; 39.486.981.381.494.700,00 
PROFESOR BELTRAN BAGUENA;-0.38916187065652974; 3.948.074.724.661.870,00 
CISCAR;-0.36638196833392506; 3.946.704.302.072.340,00 
SERPIS;-0.33818776592434685; 3.947.288.611.807.330,00 
ENGUERA;-0.3950353149734428; 3.946.723.025.087.900,00 
SAN VICENTE MARTIR;-0.3821934947904481; 3.946.226.708.890.640,00 
PEDRO III EL GRANDE;-0.3679471677001693; 3.946.299.129.994.770,00 
BLASCO IBArEZ;-0.34442705041989435; 3.947.336.585.687.910,00 
JUAN RAMON JIMENEZ;-0.37622441641867643; 3.945.524.742.566.670,00 
JOSE BALLESTER GOZALVO;-0.324680620760868; 3.947.487.134.335.500,00 
PROFESOR BELTRAN BAGUENA;-0.39029910924063066; 3.948.210.559.960.530,00 
EMILIO BARO;-0.36233502753662433; 3.948.463.087.016.020,00 
ALBORAYA;-0.3695302638665892; 3.948.431.973.615.700,00 
QUART;-0.39097549192772746; 39.474.546.804.161.400,00 
FRANCIA;-0.34660373217950957; 39.458.914.906.171.000,00 
SAN JOSE DE CALASANZ;-0.3871733787676743; 3.946.640.994.325.580,00 
PALLETER;-0.38653425668673835; 3.946.931.326.597.830,00 
PRIMADO REIG;-0.36852050538908415; 39.488.237.911.485.700,00 
AGUSTIN LARA;-0.3712639298348149; 3.949.349.979.581.010,00 
ALBORAYA;-0.3692310635701898; 39.484.892.929.200.500,00 
LITERATO AZORIN;-0.3758245783254064; 3.945.975.747.090.070,00 
SAN VICENTE FERRER;-0.37270571448292317; 3.947.383.928.518.580,00 
JOAN BAPTISTE MUDOZ;-0.35390609658372285; 3.946.356.267.911.010,00 
HERNAN CORTES;-0.3714421847473696; 3.946.829.582.815.200,00 
MENENDEZ Y PELAYO;-0.3624908035003804; 3.947.977.835.839.870,00 
CAMPOAMOR;-0.3426160409002989; 3.946.955.338.611.470,00 
AYUNTAMIENTO;-0.3766289093694977; 3.947.100.109.429.990,00 
CISCAR;-0.3660150213049529; 39.466.510.383.969.800,00 
CONSTITUCION;-0.3788079157335842; 39.483.414.362.072.600,00 
AYORA;-0.3924741665581975; 3.946.581.876.984.590,00 
VALL D;-0.4015976130677155; 3.949.198.538.418.590,00 
JUAN DE MENA;-0.385650491834199; 3.947.217.115.301.020,00 
PECHINA;-0.39456425508767795; 3.947.558.512.014.770,00 
CAVITE;-0.3265525504710786; 3.948.389.552.931.880,00 
MADRE SACRAMENTO;-0.37238902267212437; 3.948.110.237.473.360,00 
JACINTO BENAVENTE;-0.3631535057961612; 3.946.685.253.605.150,00 
CONDE DE ALTEA;-0.3659493482270694; 394.668.235.003.289,00 
GUILLEM DE CASTRO;-0.38380180416234655; 3.947.442.483.890.920,00 
QUART;-0.38988411920585136; 3.947.472.840.896.360,00 
PARRA;-0.3963293299658016; 3.948.306.705.069.670,00 
HERNAN CORTES;-0.37056100644366724; 3.946.704.526.573.250,00 
ARZOBISPO FABIAN Y FUERO;-0.3829139886697716; 3.948.339.101.373.290,00 
MU-OZ DEGRAIN;-0.373206918304843; 39.473.443.012.950.000,00 
SAN JOSE DE LA MONTAaA;-0.3934696832617723; 394.744.732.372.393,00 
EOLO;-0.3552006336282202; 3.947.034.572.603.230,00 
SAN VICENTE MARTIR;-0.38189008150717496; 3.946.349.229.050.890,00 
JACOMART;-0.3762278254132029; 3.949.683.950.925.810,00 
SAN JOSE DE CALASANZ;-0.38924588987466907; 39.466.771.396.778.200,00 
AZAGADOR DE ALBORAYA;-0.36204440401666904; 3.948.861.437.746.240,00 
EMILIO BARO;-0.35990700890076754; 3.948.954.087.739.000,00 
GONZALO RAMIRO PEDRER;-0.37901776014638555; 3.948.957.328.199.130,00 
EMILIO BARO;-0.3619969498081726; 39.485.619.122.767.300,00 
NORTE;-0.3908646587345071; 3.947.559.932.866.720,00 
CHILE;-0.35491197841490574; 39.471.169.971.695.600,00 
HERNAN CORTES;-0.37184545013307685; 3.946.886.912.440.940,00 
FRANCIA;-0.3465431483124159; 39.459.274.936.753.100,00 
HERNAN CORTES;-0.37105594012937126; 39.467.749.122.140.400,00 
FELIX PIZCUETA;-0.3726771334853447; 39.466.327.918.761.000,00 
MARIA LLACER;-0.38376852458344735; 3.946.952.711.025.620,00 
PROFESOR BELTRAN BAGUENA;-0.38926480747136427; 3.948.063.301.245.930,00 
MOSSEN SORELL;-0.380240760189984; 394.777.277.685.149,00 
JOSEP SOLER CARNICER (ESCRIPTOR);-0.33475993180532787; 39.451.126.590.181.100,00 
(Sin Asignar);-0.38068306103453; 3.946.097.694.857.360,00 
CADIZ;-0.3736117810895669; 39.461.819.068.707.100,00 
CRISOSTOMO MARTINEZ;-0.42275100449758146; 39.499.905.580.638.600,00 
DUQUE DE MANDAS;-0.3664363162039654; 3.949.161.803.901.110,00 
JACOMART;-0.3773862450928255; 3.949.657.221.097.920,00 
PINTOR SEGRELLES;-0.38594389568296184; 39.463.890.059.448.800,00 
HUMANISTA FURIO;-0.3446739021829285; 3.946.891.076.922.260,00 
JACOMART;-0.3779618543135839; 3.949.644.115.181.150,00 
SEGOVIA;-0.3919005770889336; 3.944.886.453.284.620,00 
MARIE CURIE (CIENTsFICA);-0.37721813933288323; 3.949.112.568.729.790,00 
PINTOR ZARIgENA;-0.382925635027404; 3.947.683.736.921.500,00 
CARRASQUETA;-0.39545492474105604; 3.949.415.923.474.750,00 
PIANISTA AMPARO ITURBI;-0.3828032417158963; 39.454.977.758.477.200,00 
LINTERNA;-0.37913448360143853; 3.947.230.323.051.240,00 
ALBORAYA;-0.37105856177754304; 39.481.166.550.064.500,00 
MAXIMILIANO THOUS;-0.37335889775157893; 3.948.746.314.679.310,00 
MAXIMILIANO THOUS;-0.37455455088689404; 3.948.787.144.666.360,00 
MAXIMILIANO THOUS;-0.3731758346271177; 3.948.760.290.561.910,00 
SAN VICENTE DE PAUL;-0.3708146095197096; 3.949.064.255.421.680,00 
NI-OS DE SAN VICENTE;-0.3726466544902859; 39.469.812.471.132.600,00 
JORGE JUAN;-0.3692474887032305; 39.469.190.026.321.900,00 
JORGE JUAN;-0.3690483332977112; 3.946.877.003.241.130,00 
JORGE JUAN;-0.36881730598338885; 3.946.833.841.591.130,00 
CONSUELO;-0.3363601084902001; 3.946.326.335.046.710,00 
FRAY PEDRO VIVES;-0.3734737476862451; 39.486.591.198.296.900,00 
MOTILLA DEL PALANCAR;-0.36962060651430645; 3.948.980.996.728.730,00 
EN PLOM;-0.3838320212715968; 39.475.050.829.146.700,00 
PEDRO CABANES;-0.37906446094790625; 3.949.406.195.730.660,00 
MONTEOLIVETE;-0.35875129869697986; 39.459.373.051.088.100,00 
CALVO ACACIO;-0.38954289104070994; 3.945.268.255.813.580,00 
REGNE DE VALENCIA;-0.3722462292280638; 3.946.458.344.219.800,00 
MENENDEZ PIDAL;-0.3871733258798566; 3.948.052.855.544.900,00 
SAN VALERO;-0.3717866617669731; 3.946.434.978.492.110,00 
REGNE DE VALENCIA;-0.3703508404873502; 3.946.416.856.067.050,00 
REGNE DE VALENCIA;-0.37032959588775305; 3.946.438.948.914.260,00 
QUART;-0.38990787258368403; 3.947.481.468.833.570,00 
CARTAGENA;-0.39364613777607993; 3.947.090.249.585.900,00 
TRES FORQUES;-0.3952208573981639; 3.946.409.875.160.220,00 
TRAFALGAR;-0.3441555000838871; 3.946.318.116.375.640,00 
APARICIO ALBI ANA;-0.3972184745989776; 394.842.764.479.618,00 
SANTO DOMINGO SAVIO;-0.3753902546029908; 3.949.601.276.763.510,00 
SANTO DOMINGO SAVIO;-0.3749337458350789; 39.494.800.910.821.900,00 
SANTO DOMINGO SAVIO;-0.3746585168037371; 3.949.411.187.302.530,00 
PEDRO CABANES;-0.37598905868460547; 39.494.739.750.483.300,00 
PEDRO CABANES;-0.37792908893266053; 3.949.430.791.076.350,00 
MAESTRO BELLVER;-0.3910621541668641; 394.661.065.778.584,00 
CONDE DE TORREFIEL;-0.37577695409504597; 394.925.784.414.382,00 
MAESTRO BELLVER;-0.39140398823110695; 3.946.571.437.660.890,00 
MATEMATICO MARZAL;-0.38021769469846695; 39.466.670.009.292.200,00 
ESTRELLA;-0.3804476950497697; 39.466.048.072.777.500,00 
MATEMATICO MARZAL;-0.38030674250439056; 39.466.607.297.367.900,00 
ESTRELLA;-0.38033019232019716; 3.946.633.204.835.750,00 
GENERAL SAN MARTIN;-0.3755941584594413; 3.946.539.780.710.060,00 
TRES CRUCES;-0.4012601110155332; 3.945.697.659.041.620,00 
ERNESTO ANASTASIO;-0.33355591135218876; 39.467.812.358.232.200,00 
MARQUES DEL TURIA;-0.37122446890176813; 39.465.940.013.699.100,00 
MARQUES DEL TURIA;-0.37206305756080454; 3.946.568.898.600.370,00 
MARQUES DEL TURIA;-0.37201086107229314; 3.946.561.145.612.750,00 
QUART;-0.38862092731953896; 3.947.488.598.080.110,00 
MARQUES DEL TURIA;-0.3700001086492118; 3.946.644.701.098.920,00 
MARQUES DEL TURIA;-0.3700582564382141; 3.946.653.096.456.110,00 
MARQUES DEL TURIA;-0.371280002053953; 3.946.601.997.068.870,00 
SAN IGNACIO DE LOYOLA;-0.38825069392881467; 394.742.280.623.378,00 
PINTOR BENEDITO;-0.38251383474756445; 39.465.729.346.266.100,00 
JORGE JUAN;-0.3686385986162448; 3.946.842.297.105.860,00 
SALAMANCA;-0.3653314201380968; 3.946.778.721.639.810,00 
ALICANTE;-0.37728519098733093; 39.465.085.620.897.500,00 
ERUDITO ORELLANA;-0.3873616061219943; 3.947.093.501.428.460,00 
CHIVA;-0.390296653346636; 3.946.518.185.070.610,00 
CARTEROS;-0.3892001688691505; 3.944.954.808.128.920,00 
RINCON DE ADEMUZ;-0.40306114793195774; 3.947.237.741.709.100,00 
JOSE AGUIRRE;-0.33276982284194506; 3.946.153.895.401.700,00 
MUSICO CABANILLES;-0.390963960009711; 39.444.947.816.563.900,00 
MAESTRO ASENSI;-0.3953481042199857; 3.947.149.074.220.560,00 
ALCIRA;-0.3848541632308688; 3.946.687.418.094.730,00 
NEPTUNO;-0.3235556346933515; 3.946.322.163.376.500,00 
MARVA;-0.3844555096329227; 3.946.395.398.401.960,00 
DOCTOR CALATAYUD BAYA;-0.3960441116073372; 3.948.075.189.978.930,00 
MARIA DE MOLINA;-0.38995126693935406; 3.945.211.135.327.090,00 
CONDE DE TRENOR;-0.3749061299753921; 3.947.890.017.769.960,00 
VENEZUELA;-0.3881073774166614; 3.945.525.410.340.520,00 
BLASCO IBArEZ;-0.35953916155977317; 3.947.701.494.898.330,00 
MATHEU Y SANZ;-0.38886389000962707; 3.945.780.211.525.710,00 
LORENZO SALOM;-0.38594761338187833; 3.945.769.865.884.050,00 
REAL DE MADRID;-0.3926973809456019; 39.430.092.058.536.000,00 
ANTONIO SUAREZ;-0.357702476953141; 39.467.647.665.413.000,00 
BARON DE CORTES;-0.37106178504075327; 3.946.220.088.083.860,00 
JULIAN PEaA;-0.39286933994344964; 3.946.817.931.715.020,00 
JUAN DE CELAYA;-0.38579886033026084; 39.451.671.009.591.500,00 
URUGUAY;-0.3868188144826833; 3.945.788.049.960.330,00 
VICENTE PUCHOL;-0.36369569455425477; 3.942.879.254.628.870,00 
PUERTO RICO;-0.375415742470378; 3.946.143.060.668.700,00 
CAMPANAR;-0.390205335745518; 3.948.689.576.020.070,00 
JOSE BALLESTER GOZALVO;-0.3246882601287831; 39.478.445.358.277.300,00 
PADRE VICAS;-0.36894960128440624; 39.495.933.866.438.700,00 
VALLADOLID;-0.35866466336376535; 3.948.891.584.951.880,00 
OLIMPIA AROZENA TORRES (PROFESSORA);-0.3923876185422384; 3.946.975.644.908.890,00 
BEATO GALVEZ;-0.3833748129656939; 3.946.430.445.075.570,00 
BLASCO IBArEZ;-0.33650436378376053; 3.947.025.222.725.490,00 
MARTIN EL HUMANO;-0.3909471825440833; 3.947.075.782.693.330,00 
CRONISTA CARRERES;-0.3676645826539056; 39.472.713.147.545.300,00 
AGUSTINA DE ARAGON;-0.38894600655130507; 3.945.506.656.354.500,00 
GENERAL SAN MARTIN;-0.3743257962823753; 394.651.903.598.751,00 
MARIANO DE CAVIA;-0.4031564322936743; 3.945.320.482.640.110,00 
MASTIL;-0.27718865424012645; 3.927.932.085.488.940,00 
RAMON ASENSIO;-0.358534523880173; 3.948.215.123.595.960,00 
JERONIMA GALES (IMPRESSORA);-0.390556646173614; 39.453.169.908.708.800,00 
SALABERT;-0.3960099011340432; 39.463.587.110.852.300,00 
POETA MAS Y ROS;-0.33982937841922506; 3.946.793.277.374.260,00 
ANTONIO JUAN;-0.33304547914805654; 3.947.253.324.986.510,00 
PADRE VICAS;-0.37019922773348957; 394.945.628.712.494,00 
MUSICO PENELLA;-0.3923441100751682; 39.451.933.014.129.000,00 
FELIX DEL RIO (ACTIVISTA VE;-0.3799365593559035; 3.949.198.933.797.370,00 
CANOVAS DEL CASTILLO;-0.3657069360554635; 39.467.977.580.517.400,00 
VILLA DE MURO;-0.36171414495566573; 39.483.878.993.359.700,00 
CORTS VALENCIANES;-0.4003226348503659; 3.949.098.506.801.380,00 
UTIEL;-0.3600908769669172; 3.948.598.188.590.730,00 
MARTI GRAJALES;-0.3333281326547356; 394.686.678.085.629,00 
MONCADA;-0.3788203343167779; 394.913.393.413.136,00 
LITERATO GABRIEL MIRO;-0.3915164501843477; 3.947.179.977.335.840,00 
MUSICO BARBIERI;-0.3938115382848576; 3.946.127.514.805.630,00 
POETA MAS Y ROS;-0.3412181897819312; 39.468.336.410.853.500,00 
DOCTOR GIL Y MORTE;-0.38226772040349966; 3.946.211.685.417.270,00 
ALEMANIA;-0.3618216068199577; 39.481.065.654.565.300,00 
CID;-0.39191277852494155; 394.674.759.039.733,00 
SALVADOR LLUCH;-0.3673567599622589; 3.945.868.345.179.550,00 
SALVADOR SASTRE;-0.3809802723321234; 3.946.355.930.250.960,00 
OEST;-0.3795263656643931; 39.469.334.415.983.500,00 
RODRIGUEZ DE CEPEDA;-0.3550291803184215; 39.469.143.369.390.900,00 
CAMPANAR;-0.39244089834628576; 3.948.278.161.223.010,00 
JUAN XXIII;-0.3829376560389925; 394.929.450.923.012,00 
FONTILLES;-0.33420517679067513; 3.944.979.095.747.910,00 
TRAFALGAR;-0.34564192490941154; 39.460.455.045.183.400,00 
JOAQUIN MARIN;-0.4235415363493871; 39.502.340.567.733.700,00 
MUSICO ESPI;-0.37427361887597405; 3.949.707.620.269.500,00 
GIORGETA;-0.38303636558938664; 3.945.690.422.971.910,00 
PEDRO DE VALENCIA;-0.3380084301615761; 39.468.693.611.329.400,00 
AYUNTAMIENTO;-0.3759893019465031; 39.469.840.509.703.400,00 
ALCAyIZ;-0.3780940988921985; 3.949.300.057.892.800,00 
CONSERVA;-0.34404111206937005; 39.466.194.150.518.500,00 
ROJAS CLEMENTE;-0.3851257595858827; 39.473.302.816.831.700,00 
CONDE DE TORREFIEL;-0.37631999962110063; 394.940.220.360.176,00 
CAMPANAR;-0.3922723850179635; 3.948.313.471.445.510,00 
PINTOR VILAR;-0.37030599882632936; 39.482.207.458.210.600,00 
PINTOR VILAR;-0.3704196313409953; 3.948.201.542.217.020,00 
PADRE URBANO;-0.3742003493615888; 3.948.902.189.902.830,00 
CAMPANAR;-0.3910551497093046; 3.948.569.796.227.760,00 
MALVARROSA;-0.3279788776582207; 3.948.155.755.000.090,00 
SAFOR;-0.39831617941970066; 3.949.091.170.117.340,00 
JOAQUIN COSTA;-0.3677336462441083; 3.946.702.742.049.410,00 
JUAN LLORENS;-0.3901302683575065; 39.471.769.506.485.300,00 
OEST;-0.37980400004675663; 39.471.840.005.905.000,00 
ANDRES MANCEBO;-0.3558375918381569; 3.946.421.759.841.960,00 
PERIS Y VALERO;-0.36392950553293; 3.946.180.529.249.580,00 
MAR;-0.37349217684212926; 39.473.824.343.371.900,00 
PERIS Y VALERO;-0.37324738387498263; 3.945.787.532.737.860,00 
QUART;-0.3851270606723278; 3.947.552.975.046.100,00 
RUZAFA;-0.37434903087862903; 3.946.581.032.091.680,00 
LEGION ESPAgOLA;-0.3669522842688637; 3.947.721.444.439.660,00 
VILARAGUT;-0.3746139384069911; 3.947.182.084.880.740,00 
CIRILO AMOROS;-0.369101551168105; 3.946.837.258.928.380,00 
DOCTOR MONSERRAT;-0.38471046839228146; 39.475.579.689.607.200,00 
ISABEL LA CATOLICA;-0.3698617342026012; 3.946.811.350.580.800,00 
PEREZ PUJOL;-0.37486096374170885; 3.946.943.838.700.330,00 
CIRILO AMOROS;-0.3726440858088888; 3.946.687.779.827.980,00 
MALVARROSA;-0.32798608617949354; 39.479.652.759.554.800,00 
CIRILO AMOROS;-0.37068437530832127; 3.946.770.346.470.920,00 
CIRILO AMOROS;-0.3662610395219657; 3.946.957.108.225.920,00 
SAN MIGUEL;-0.3803079887635419; 3.947.649.386.310.350,00 
ISABEL LA CATOLICA;-0.37071752201144853; 3.946.926.081.671.600,00 
PERIS Y VALERO;-0.3681038383821696; 3.946.004.545.823.670,00 
ARQUITECTO LUCINI;-0.3762420265131108; 3.949.129.442.885.960,00 
BORRULL;-0.3854035881609157; 3.947.461.814.654.040,00 
CORREOS;-0.37454951378812673; 3.946.979.854.965.150,00 
JERONIMO MUgOZ;-0.38600385238749574; 3.945.880.331.568.280,00 
QUART;-0.38752561159298765; 3.947.512.542.833.100,00 
GENERAL PRIM;-0.3704764828149872; 3.946.261.791.751.520,00 
SERRANO MORALES;-0.3651581774479023; 3.946.950.448.882.870,00 
ALBERIQUE;-0.3886116644410567; 3.946.726.704.631.600,00 
CIRILO AMOROS;-0.3673756673135773; 3.946.909.950.366.460,00 
COMEDIAS;-0.37247714807540605; 3.947.230.001.984.200,00 
COMEDIAS;-0.3724442458872789; 3.947.267.323.074.290,00 
PERIS Y VALERO;-0.3745384125508277; 3.945.733.185.430.780,00 
PEDRO III EL GRANDE;-0.3695610657211993; 3.946.230.905.524.720,00 
POETA QUEROL;-0.37426510055372586; 39.470.942.600.896.500,00 
ISABEL LA CATOLICA;-0.36934096043946385; 3.946.728.689.129.930,00 
PERIS CELDA;-0.39495613716927086; 3.949.890.124.416.180,00 
LUIS BOLINCHES COMPAa (ESCULTOR);-0.3445490571998447; 39.457.335.270.637.800,00 
FRANCISCO BALDOMA;-0.33336998305678667; 3.946.626.063.351.860,00 
MATIAS PERELLO;-0.3662691528140822; 39.462.059.530.987.500,00 
MENENDEZ Y PELAYO;-0.3619875031439597; 3.947.975.058.275.000,00 
MAESTRO AGUILAR;-0.36948002770384286; 39.460.248.052.875.400,00 
SAN JOSE DE LA MONTAaA;-0.39244387258905744; 39.474.564.446.824.400,00 
BALEARES;-0.35579190857892906; 3.946.343.548.908.530,00 
MENENDEZ Y PELAYO;-0.36370969166500366; 3.948.025.728.487.260,00 
ALCOY;-0.37690799089449667; 39.463.986.132.425.400,00 
AYUNTAMIENTO;-0.3760597220534469; 3.946.931.464.364.930,00 
MENENDEZ Y PELAYO;-0.36160842897884604; 3.947.963.914.140.780,00 
EMILIO BARO;-0.3625618445185537; 3.948.447.777.069.730,00 
NA ROBELLA;-0.3723244686105796; 3.945.053.190.443.210,00 
CARRICOLA;-0.38694124959351656; 39.452.538.223.231.300,00 
SAN FRANCISCO DE BORJA;-0.3857801212015376; 3.946.629.997.268.110,00 
MENENDEZ Y PELAYO;-0.3632933344408362; 3.948.013.496.737.100,00 
LORCA;-0.3917064116978798; 3.946.865.285.146.640,00 
CONSOLAT DE MAR;-0.37163518889968417; 39.462.892.375.167.600,00 
PROFESOR TAMARIT OLMOS;-0.36303389462838526; 394.799.729.312.801,00 
REINA;-0.37525043591007773; 39.474.072.001.727.800,00 
JACINTO BENAVENTE;-0.36387871570756497; 39.468.014.806.789.900,00 
RUZAFA;-0.37342241135884285; 3.946.446.606.137.930,00 
TORRENTE;-0.40036205523516355; 39.461.757.400.478.000,00 
CULTURA;-0.3744533700585248; 3.947.291.294.252.140,00 
SAN JOSE DE CALASANZ;-0.3878541853610801; 3.946.667.274.691.750,00 
CAMPAMENTO;-0.4211106588731738; 3.950.221.139.660.350,00 
PINZON;-0.3824490528323564; 3.947.658.846.056.670,00 
CARLOS CERVERA;-0.3721702177063101; 39.463.274.672.832.300,00 
AZCARRAGA;-0.38842324288908536; 3.947.446.540.347.090,00 
AMADO GRANELL MESADO (MILITAR);-0.3637189978419463; 3.945.756.452.017.400,00 
PERIODISTA GIL SUMBIELA;-0.3849904987856643; 39.491.784.899.806.800,00 
PERIODISTA GIL SUMBIELA;-0.3895831546733789; 3.949.284.102.799.670,00 
PEDRO ALEIXANDRE;-0.36206634804247007; 3.945.996.767.326.530,00 
CUBA;-0.3759561909089448; 3.946.052.397.518.390,00 
DIPUTADA CLARA CAMPOAMOR;-0.36650968214495666; 394.899.546.490.807,00 
SAN DIONISIO;-0.3807106296247878; 3.947.728.329.916.550,00 
RIO;-0.3405557033105467; 39.421.786.599.352.100,00 
LITERATO AZORIN;-0.37466793125122455; 394.601.664.559.714,00 
PRIMERO DE MAYO;-0.3865641828160482; 3.944.878.925.862.090,00 
LITOGRAFO PASCUAL Y ABAD;-0.39283705883350506; 39.451.513.630.373.000,00 
PEDRO ALEIXANDRE;-0.36392062800714964; 3.946.097.276.895.490,00 
ALCACER;-0.40657080068197693; 39.470.919.777.604.800,00 
ANTONIO PONZ;-0.3273368001824284; 3.948.085.593.207.600,00 
RAMON LLULL;-0.3471662548423453; 3.947.600.278.901.710,00 
VALLE DE LA BALLESTERA;-0.39606885218384286; 39.480.095.405.488.700,00 
QUART;-0.38084121438168145; 3.947.623.027.652.210,00 
SAGASTA;-0.3731428393403375; 3.946.980.331.915.870,00 
SAN JACINTO;-0.3896446869074277; 39.475.499.157.885.300,00 
CASTIELFABIB;-0.39629681837388836; 3.947.929.936.881.550,00 
MATIAS PERELLO;-0.36715517784259005; 394.616.860.667.164,00 
MARIANO DE CAVIA;-0.40267746617890804; 39.453.239.474.423.900,00 
ISAAC PERAL;-0.33909984758228423; 3.945.971.190.866.190,00 
ISLA CABRERA;-0.3790016058606445; 3.944.908.841.521.560,00 
MATEMATICO MARZAL;-0.37870206662210654; 3.946.618.888.816.060,00 
MAYOR DE NAZARET;-0.33410024607511885; 3.945.008.120.934.000,00 
CONDE DE ALTEA;-0.36649637688056586; 39.466.678.991.772.500,00 
SE-ERA;-0.3628991184184487; 3.945.785.745.263.450,00 
MURCIA;-0.40802387770141024; 3.946.477.914.669.840,00 
MALILLA;-0.37956898349073537; 3.944.930.307.831.140,00 
RUGAT;-0.35256748803303345; 3.946.929.484.070.100,00 
REINA;-0.375808903191139; 3.947.403.828.207.520,00 
PRIMERO DE MAYO;-0.3877112419248998; 3.944.885.255.777.560,00 
PROFESSOR LOPEZ PIsERO;-0.35506622809201666; 3.945.502.128.727.600,00 
MAESTRO VALLS;-0.3425592987532627; 3.946.325.837.441.880,00 
BARCELONINA;-0.3757913181143769; 3.947.136.960.647.660,00 
LUIS OLIAG;-0.3611412058327034; 39.461.584.089.812.000,00 
RICARDO MICO;-0.38726627307528394; 3.948.111.280.294.310,00 
NA JORDANA;-0.38081130232955634; 3.947.978.315.712.490,00 
BADAJOZ;-0.39927367790819923; 39.481.225.125.818.700,00 
PINTOR MAELLA;-0.3463150453476232; 3.946.351.199.248.140,00 
VISITACION;-0.3774288779772825; 39.482.963.842.477.700,00 
MENENDEZ Y PELAYO;-0.3610138298314808; 3.947.934.016.974.570,00 
PINTOR MATARANA;-0.3929298404115461; 3.949.331.113.874.700,00 
CUENCA;-0.38961588034403505; 3.946.256.546.190.910,00 
RUBEN DARIO;-0.35307082302227544; 39.477.445.622.627.300,00 
LUZ CASANOVA;-0.3728199890576341; 39.489.644.229.620.500,00 
REGNE DE VALENCIA;-0.36744878873714104; 39.463.533.124.526.900,00 
MAESTRO AGUILAR;-0.3701280072209493; 3.946.108.443.731.960,00 
REGNE DE VALENCIA;-0.3667364720159545; 3.946.337.466.584.380,00 
JESUS;-0.3881426950968766; 3.946.060.584.410.110,00 
JERONIMO MUgOZ;-0.38544308560583096; 3.945.865.691.169.410,00 
MATIAS PERELLO;-0.3660696793143469; 3.946.231.538.243.230,00 
FELIX PIZCUETA;-0.37349054464490045; 3.946.749.939.525.360,00 
SUECA;-0.37636456708464694; 3.946.319.509.943.400,00 
LUIS SANTANGEL;-0.36765071726177895; 39.462.984.594.596.700,00 
DOLORES MARQUES;-0.36326612325906094; 3.948.566.154.162.840,00 
AYUNTAMIENTO;-0.3766250177197789; 39.469.359.243.155.400,00 
DOCTOR LANDETE;-0.37172515619266033; 394.632.548.789.414,00 
JOAQUIN COSTA;-0.3651804550463773; 3.946.340.128.895.590,00 
PEDRO III EL GRANDE;-0.3675248636413801; 3.946.316.947.813.870,00 
PUERTO;-0.357067791906032; 3.946.731.151.158.550,00 
RUZAFA;-0.37319960214699693; 3.946.423.885.944.670,00 
ESCRIVA;-0.38600085741563106; 3.945.805.400.234.700,00 
JOAQUIN COSTA;-0.36665092638786084; 3.946.549.132.482.780,00 
JUAN DE GARAY;-0.3942092320283751; 3.945.447.709.624.220,00 
JESUS;-0.3874700759627662; 3.946.130.991.847.740,00 
PUEBLA DE VALVERDE;-0.40168228330303757; 3.945.965.718.859.010,00 
SUECA;-0.3756840650847154; 39.462.225.513.135.900,00 
DOCTOR SUMSI;-0.36862373902981543; 3.946.249.947.975.670,00 
REGNE DE VALENCIA;-0.36559060417192574; 3.946.312.775.606.700,00 
MATIAS PERELLO;-0.36899798508877757; 39.460.853.775.453.900,00 
ALEJANDRO VI;-0.36495106627944846; 394.628.783.438.983,00 
SUECA;-0.3749174834028995; 3.946.113.418.852.400,00 
JESUS;-0.3872457854958608; 394.616.428.603.585,00 
PROFESOR ANGEL LACALLE;-0.4019397326075387; 3.945.552.826.102.500,00 
REGNE DE VALENCIA;-0.3664775259830736; 39.463.696.123.691.000,00 
DENIA;-0.37420648665898193; 39.463.297.167.197.300,00 
BUENOS AIRES;-0.37648122221543684; 3.946.172.350.471.050,00 
PUERTO;-0.3580829710323712; 39.467.612.830.686.400,00 
PUERTO;-0.3590533154785614; 3.946.772.431.618.440,00 
ALBOCACER;-0.36239969197492383; 39.486.190.637.125.200,00 
MISTRAL;-0.3580691089887062; 39.484.899.370.394.000,00 
CADIZ;-0.37505760122122717; 3.946.386.900.319.600,00 
BEATO NICOLAS FACTOR;-0.390511196364116; 39.460.893.106.891.400,00 
PINTOR STOLZ;-0.40190217865635103; 3.946.984.558.849.160,00 
CUBA;-0.3748031931194497; 394.586.729.951.777,00 
MATIAS PERELLO;-0.36555353839136706; 3.946.236.046.589.260,00 
TRES FORQUES;-0.4025239862434461; 3.946.359.937.289.070,00 
REGNE DE VALENCIA;-0.3655159432793132; 3.946.333.906.746.040,00 
REGNE DE VALENCIA;-0.36611632388407706; 39.463.468.835.236.100,00 
CONDE DE ALTEA;-0.365368281511546; 3.946.715.230.210.260,00 
PATRAIX;-0.3925740502675017; 39.463.136.569.673.400,00 
CARLOS CERVERA;-0.37282047165493104; 39.462.009.079.411.600,00 
FELIX PIZCUETA;-0.3730663681183577; 3.946.688.983.090.760,00 
MARQUES DEL TURIA;-0.3669548740070841; 3.946.774.530.988.840,00 
REY DON JAIME;-0.38123360539788237; 3.947.678.430.520.930,00 
DOCTOR GARCIA DONATO;-0.3483280800169085; 3.947.664.754.999.770,00 
BILBAO;-0.3712936158905971; 3.948.984.608.036.760,00 
LUIS SANTANGEL;-0.3670739339561453; 3.946.201.080.395.890,00 
CADIZ;-0.37264027656579946; 3.946.060.688.463.540,00 
AMPARO BALLESTER;-0.33526706122568795; 3.947.219.994.651.950,00 
SERRERIA;-0.33595660928117344; 39.464.963.097.051.800,00 
DOCTOR NICASIO BENLLOCH;-0.3890956987400683; 3.948.762.569.763.710,00 
SARRION;-0.37779182795921573; 3.948.709.854.161.270,00 
CID;-0.39755275593356393; 3.946.862.746.347.480,00 
EMILIO BARO;-0.361012758613076; 3.948.761.316.864.900,00 
JACA;-0.37046106155515485; 3.948.465.957.873.870,00 
SIETE AGUAS;-0.34061107861958584; 3.946.214.186.576.510,00 
LEBON;-0.35024549180301207; 3.946.473.372.610.600,00 
JOSE GROLLO;-0.3925290383048537; 39.493.434.547.384.800,00 
CAMPOS CRESPO;-0.39087702548077335; 39.456.522.649.798.700,00 
PERIS Y VALERO;-0.36340883902245585; 394.622.285.518.605,00 
AMADO GRANELL MESADO (MILITAR);-0.3655189761710182; 3.945.955.368.647.230,00 
ARCHIDUQUE CARLOS;-0.3978717369908531; 39.462.118.643.342.300,00 
AYUNTAMIENTO;-0.3761093849510474; 3.946.913.876.911.780,00 
ARCHIDUQUE CARLOS;-0.40104502110164747; 39.459.178.695.955.900,00 
REINA DOCA MARIA;-0.37249626245684303; 394.611.553.639.578,00 
ALEJANDRA SOLER (MESTRA);-0.3826666270158432; 39.477.476.890.043.700,00 
CIUDAD DE MULA;-0.35470021288451764; 3.947.452.078.079.070,00 
OBISPO JAIME PEREZ;-0.36596804223925233; 3.945.884.729.650.430,00 
VALLE DE LA BALLESTERA;-0.39922436359553537; 3.947.849.508.025.960,00 
MARQUES DE SOTELO;-0.37702609059919295; 39.468.798.994.237.400,00 
LLANERA DE RANES;-0.3894045275051377; 3.945.341.258.048.160,00 
IMPRESOR LAMBERT PALMART;-0.34459781880681534; 39.471.850.577.652.800,00 
ESCALANTE;-0.3309442045011726; 3.946.766.087.447.490,00 
PADRE PORTA;-0.3353889361539251; 3.946.056.245.232.070,00 
PERIS Y VALERO;-0.3708058677078346; 39.459.106.631.144.900,00 
ALAMEDA;-0.3592572801322628; 3.946.595.851.015.980,00 
SAN VICENTE MARTIR;-0.38199220810733686; 39.463.945.139.916.700,00 
FILIPINAS;-0.37681046630950166; 39.458.648.644.306.400,00 
POETA ALTET;-0.3648044031402522; 3.948.615.065.037.080,00 
PINTOR VILA PRADES;-0.38976414763100825; 3.946.962.044.668.470,00 
AGUSTIN SALES;-0.3883678042115199; 3.945.558.257.998.830,00 
SAN JUAN BOSCO;-0.37052615107263065; 39.495.520.694.179.000,00 
JOSE FAUS;-0.3542878837113266; 39.466.177.312.118.100,00 
ESCULTOR JOSE CAPUZ;-0.3618736603849287; 3.946.046.297.195.790,00 
DEMOCRACIA;-0.4006636835496191; 3.947.320.533.060.360,00 
BLASCO IBArEZ;-0.3494186120870594; 3.947.486.101.282.990,00 
CASTELLON;-0.3763949177692758; 39.465.903.948.295.800,00 
MAESTRO SOSA;-0.3824287717638152; 3.946.083.778.833.510,00 
GAYANO LLUCH;-0.38068673576988055; 39.491.070.050.135.300,00 
SAN JUAN BOSCO;-0.37107815263904587; 3.949.468.246.082.530,00 
PADRE VICENT;-0.37249906765032564; 3.945.707.757.353.470,00 
MARQUES DEL TURIA;-0.3678775693096437; 3.946.735.028.512.740,00 
LORIGUILLA;-0.3862388137363398; 39.489.686.562.130.700,00 
PINTOR FERRER CALATAYUD;-0.33789427585082654; 3.946.759.974.896.110,00 
CAMPANAR;-0.389922088163547; 39.487.491.446.971.000,00 
JESUS;-0.3830184940887344; 39.466.789.165.991.800,00 
AMADO GRANELL MESADO (MILITAR);-0.3650265551023821; 3.945.885.822.401.900,00 
JUAN LLORENS;-0.3890431346876219; 3.947.042.923.208.320,00 
MICER MASCO;-0.3620098916209394; 3.947.536.171.280.930,00 
RICARDO MICO;-0.38831843468806243; 39.482.593.664.517.100,00 
CONDE DE ALTEA;-0.3677309234484026; 39.466.159.379.951.600,00 
CASTELLON;-0.3754723792720854; 39.464.598.138.307.200,00 
ARQUITECTO SEGURA DE LAGO;-0.40436225846586804; 39.455.869.852.132.500,00 
