calle;X;Y;;
PIANISTA AMPARO ITURBI;39.45464970839120;-0.382017519102137;;
DOLORES MARQUES;39.48635980066970;-0.362902054566094;;
GONZALEZ MARTI;39.47383834378930;-0.393148110837242;;
HERNAN CORTES;39.46895362812270;-0.371904859861832;;
VIVER;39.48682461967900;-0.365670778985889;;
MARQUES DE SAN JUAN;39.47781834074870;-0.397268949308870;;
JORGE JUAN;39.46838567314200;-0.368653649947347;;
CIRILO AMOROS;39.46844720903550;-0.368630037044786;;
JESUS;39.46438629695730;-0.384875750885592;;
DEMOCRACIA;39.47406144739180;-0.396010279627707;;
DEMOCRACIA;39.47366097396050;-0.399599575907271;;
DEMOCRACIA;39.47334673863800;-0.400386439645778;;
FRANCIA;39.46044953502010;-0.351929707409131;;
FRANCIA;39.45990499802250;-0.351153238129864;;
CIUDADELA;39.47549801711470;-0.369497568210690;;
BURRIANA;39.46434673382960;-0.368482925655497;;
JUAN RAMON JIMENEZ;39.45244253803500;-0.374429190211260;;
JUAN RAMON JIMENEZ;39.45492098483060;-0.376150707806439;;
PEDREGUER;39.45402587998870;-0.375152179523106;;
CONDE DE ALTEA;39.46596282110830;-0.368034189730452;;
CONDE DE ALTEA;39.46642334788600;-0.366944384151631;;
MALUQUER;39.46287866819210;-0.385047366934043;;
JUAN LLORENS;39.47296106089860;-0.390973354133981;;
ALCACER;39.47068069498680;-0.406945987393537;;
LUIS LAMARCA;39.47091890012370;-0.400552173732499;;
ALCACER;39.47138111263810;-0.409038977421632;;
ARCHENA;39.47139889006800;-0.406540319746425;;
ALCACER;39.47103919593770;-0.407633400483327;;
PERE MARIA ORTS I BOSCH (HISTORIADOR);39.47019014282090;-0.414513496353379;;
OEST;39.46946566751300;-0.379706656288615;;
CONCHA ESPINA;39.47261175829710;-0.351153356860093;;
BAILEN;39.46695257225380;-0.377947649925130;;
BAILEN;39.46628647257100;-0.378232457614081;;
REINA;39.47296489218320;-0.328086803445645;;
PINTOR VILAR;39.48239354800150;-0.371617009072709;;
BARRACA;39.46685033920780;-0.329530108182679;;
REINA;39.46665003926670;-0.328899413741085;;
REINA;39.46586570389150;-0.329137384401242;;
DOCTOR LLUCH;39.46675653081620;-0.328505512110553;;
NAVARRO REVERTER;39.47091023065290;-0.366205866390555;;
NAVARRO REVERTER;39.47137518557950;-0.367151385317347;;
SAN MARCELINO;39.44533850556470;-0.390446383654905;;
REVERENDO JOSE NOGUERA;39.44631777301670;-0.391325946072121;;
MUSICO CABANILLES;39.44467774584710;-0.389800575727428;;
GUILLEM DE CASTRO;39.47452377941020;-0.384062580087608;;
GUILLEM DE CASTRO;39.47740751637250;-0.383924596309651;;
GUILLEM DE CASTRO;39.47358187749770;-0.383981140274993;;
GUILLEM DE CASTRO;39.47402904007680;-0.384002822066507;;
DOCTOR JUAN REGLA;39.47361969422850;-0.358794134011091;;
DOCTOR MANUEL CANDELA;39.46865070975090;-0.349821568418813;;
PUERTO RICO;39.46196722960000;-0.374137731088551;;
JUMILLA;39.46727255641000;-0.404739815066344;;
MALVARROSA;39.48407147949930;-0.327794879756091;;
JOSE BENLLIURE;39.46722071170370;-0.330681595836316;;
JOSE BENLLIURE;39.46423849608080;-0.330989156774559;;
PADRE LUIS NAVARRO;39.46718658480620;-0.329905856051942;;
REUS;39.48524998233870;-0.384827682989518;;
SAN JACINTO;39.47508982650870;-0.391524794471753;;
FRANCISCO BALDOMA;39.46568383726020;-0.333432296964741;;
JOSE MARIA HARO (MAGISTRAT);39.46988107577330;-0.338224906189925;;
JOSE MARIA MORTES LERMA;39.46283754756950;-0.402015679489742;;
DOCTOR SERRA;39.46705635215500;-0.375188382016952;;
COLON;39.46722527307930;-0.374629896038778;;
COLON;39.46832002220640;-0.373047632672109;;
COLON;39.46876637097000;-0.372412403028248;;
COLON;39.47058395551830;-0.370018411839377;;
COLON;39.47110859547320;-0.369442656305605;;
MARINO ALBESA;39.46555717510310;-0.343902266431658;;
DOCTOR LLUCH;39.46432577610360;-0.328862171800063;;
REINA;39.46437673443940;-0.329357845441101;;
BARRACA;39.46539486955540;-0.329647714626547;;
BARRACA;39.46387115292530;-0.329941921549864;;
POETA ARTOLA;39.47585211819390;-0.348806429818246;;
XUQUER;39.47646166279570;-0.350115875252462;;
XUQUER;39.47579212132320;-0.350716745604412;;
GUILLEM DE CASTRO;39.47283922711580;-0.384024734901179;;
GUILLEM DE CASTRO;39.47358317591310;-0.383981591444720;;
GUILLEM DE CASTRO;39.47402796041820;-0.384004885119112;;
GUILLEM DE CASTRO;39.47452484958380;-0.384066899037816;;
GUILLEM DE CASTRO;39.47665841901760;-0.384075569351835;;
GUILLEM DE CASTRO;39.47740622006410;-0.383929841113044;;
REQUENA;39.46998545357410;-0.380014554079011;;
VALENCIA CLUB DE FUTBOL;39.47475191538440;-0.359879564841389;;
NAVARRO REVERTER;39.47104453028250;-0.366476823590178;;
JOSE BALLESTER GOZALVO;39.46954390677800;-0.324879695424899;;
LITERATO AZORIN;39.45924715634170;-0.376856482934502;;
CARTEROS;39.44847537221320;-0.389424802255652;;
TOMAS DE VILLARROYA;39.44783698919510;-0.387868281929091;;
CASTELL DE POP;39.44836734662780;-0.334289583102082;;
PARQUE NAZARET;39.44881911428510;-0.332966851205911;;
JESUS;39.46059901863020;-0.388356908466121;;
LORENZO SALOM;39.45677329176590;-0.386090278559447;;
SAN VICENTE MARTIR;39.45577055443070;-0.383875278013659;;
JOAQUIN NAVARRO;39.45291248411670;-0.387004467866767;;
LEPANTO;39.47403806330190;-0.386142162511325;;
JOAQUIN NAVARRO;39.45271080621760;-0.385407450317996;;
ZORRILLA;39.44363550424380;-0.366844748935896;;
PUERTO DE SANTA MARIA;39.48466329696870;-0.399725858735826;;
MOSSEN CUENCA;39.42231927277000;-0.338905122390004;;
XATIVA;39.46808686252870;-0.379453417069396;;
GUILLEM DE CASTRO;39.46822131844880;-0.380109875447784;;
PADILLA;39.46988813551990;-0.378930863038390;;
PADILLA;39.47003930073120;-0.379313432182053;;
PUERTO;39.46146452795070;-0.337989022903035;;
OLTA;39.45254079482110;-0.375523190229172;;
OLTA;39.45274005808860;-0.376622417642101;;
OLTA;39.45263543494570;-0.377733245321157;;
DOLORES MARQUES;39.48746316418920;-0.362331608887428;;
SAN VICENTE MARTIR;39.46717312971140;-0.380462528421540;;
CONDE DE ALTEA;39.46595574588940;-0.368356265704213;;
ROIG DE CORELLA;39.45967629345050;-0.384005741176315;;
JESUS;39.46023495999810;-0.388558435994905;;
CIRILO AMOROS;39.46750424546210;-0.371154320826486;;
GORGOS;39.47621476061880;-0.351798206819719;;
SO-ADOR;39.53893050689210;-0.403924488586285;;
ALBERIQUE;39.46644824410550;-0.388019585713441;;
MICER RABASA;39.45666997698040;-0.387551058030849;;
LIBRERO ESCLAPES;39.49754203512380;-0.375302645416175;;
CONDE DE SALVATIERRA;39.46866810494680;-0.367417645744770;;
CONDE DE SALVATIERRA;39.46875892573340;-0.367481019284112;;
PRIMADO REIG;39.48619025993570;-0.365768986905821;;
MONESTIR DE POBLET;39.48491623312880;-0.394790230686940;;
JOSE MARIA MORTES LERMA;39.46289452536390;-0.403659502601100;;
PEDRO III EL GRANDE;39.46199978037200;-0.370292608469711;;
BARON DE CORTES;39.46197055418900;-0.371914239680307;;
SECANET;39.50053581055290;-0.422692908639148;;
PIE DE LA CRUZ;39.47313413183990;-0.380083030941664;;
JOAQUIN COSTA;39.46611628543350;-0.367090009152478;;
CONDE DE TRENOR;39.47890185472800;-0.375663601576063;;
BLANQUERIAS;39.47933697977260;-0.376522213381454;;
SALVADOR GINER;39.48020322218340;-0.379892324420195;;
DOCTOR SANCHIS BERGON;39.47856803876950;-0.386301070140364;;
SAN MIGUEL;39.47754619357870;-0.380290191983659;;
DOCTOR COLLADO;39.47425170662320;-0.377922416494223;;
APARISI Y GUIJARRO;39.47509197436640;-0.371647974217692;;
ALFONSO EL MAGNANIMO;39.47257889479990;-0.370701865963665;;
AYUNTAMIENTO;39.46966225948500;-0.375674430904159;;
POETA ALBEROLA;39.46922784361280;-0.393103807150796;;
VERA;39.48107489100210;-0.358650401303350;;
COFRENTES;39.48579049614570;-0.365963318499414;;
ALBEROLA;39.45460275683980;-0.370388825641397;;
ADOR;39.42888053622410;-0.362478904156801;;
PINTOR FERRANDIS;39.47194911846930;-0.329149041148949;;
SAN PIO X;39.44562010657600;-0.389203286062577;;
SAGUNTO;39.48599933858420;-0.374595853328571;;
DEMOCRACIA;39.47342632183430;-0.400553941750362;;
CIRILO AMOROS;39.46656089863300;-0.373172645008606;;
SEGORBE;39.46541515791370;-0.376261249149455;;
CASTELLON;39.46524015601510;-0.376120532213736;;
MANUEL SANCHIS GUARNER;39.45729980876890;-0.375353617218331;;
CRUZ DEL CAgAMELAR;39.46791117432160;-0.331779066315936;;
MEDITERRANEO;39.46779053719280;-0.329985353032998;;
MEDITERRANEO;39.46777257207450;-0.331193604703279;;
DOCTOR VICENTE ZARAGOZA;39.48517022644830;-0.363174221381167;;
CIUDAD DE MULA;39.47402538407810;-0.353400673136473;;
NARANJOS;39.48001872317440;-0.346695000464195;;
MANUEL BROSETA I PONT (IL.LUSTRE CATEDRATIC);39.47877576049290;-0.342385809048514;;
NARANJOS;39.47836501543480;-0.340963391613403;;
ROJAS CLEMENTE;39.47314623210730;-0.385483993195952;;
BACHILLER;39.48245470047680;-0.363295452695911;;
SAN JUAN DE LA PEeA;39.49606135907220;-0.370432396401792;;
SEVILLA;39.46380003058420;-0.374011962754712;;
CAUDETE;39.30950935846930;-0.317649568050733;;
FRANCISCO SEMPERE;39.46098543935920;-0.371156122288846;;
FRANCISCO SEMPERE;39.46047793552250;-0.370679348631880;;
XATIVA;39.46782817428990;-0.378442427474639;;
VICENTE SANCHO TELLO;39.46937223258090;-0.355808448967393;;
BURJASOT;39.49509726343010;-0.396281223931821;;
BURJASOT;39.49451900344790;-0.395565963046367;;
BURJASOT;39.49390378313330;-0.395045097674058;;
BURJASOT;39.49327838768580;-0.394279889814155;;
BURJASOT;39.49247472626420;-0.393443419766653;;
BURJASOT;39.49160170440080;-0.392537682961359;;
BURJASOT;39.49106806184410;-0.392103447113564;;
BURJASOT;39.48910869539930;-0.390131795863265;;
GORGOS;39.47632959492070;-0.351285921509118;;
SERPIS;39.47612271731090;-0.349670279403971;;
PLATA;39.45744632926600;-0.361793712579182;;
PLATA;39.45713578537140;-0.362523564647949;;
ALFONSO EL MAGNANIMO;39.47272389817410;-0.370490755232890;;
SERPIS;39.47422416279260;-0.342686650423409;;
SERPIS;39.47525521706820;-0.346192952910559;;
HONDURAS;39.47426919491300;-0.344395680837733;;
RAMIRO DE MAEZTU;39.46737512895760;-0.348137131756213;;
ALMACERA;39.45273890532660;-0.391732883014932;;
JERONIMA GALES (IMPRESSORA);39.45169205067580;-0.391550219300723;;
JERONIMA GALES (IMPRESSORA);39.45029167024660;-0.392316995121649;;
PRIMERO DE MAYO;39.44978351006110;-0.391803556028036;;
PRIMERO DE MAYO;39.44951600341540;-0.391079112679379;;
PRIMERO DE MAYO;39.44949800677250;-0.390300350351923;;
EOLO;39.47126059711210;-0.357418791928721;;
TRES CRUCES;39.46815136087150;-0.405713884885103;;
TETUAN;39.47479578878400;-0.369873561023252;;
SAN VICENTE MARTIR;39.46741636951390;-0.380271583977199;;
FERRER Y BIGNE;39.52723874967090;-0.385678415813634;;
JOAQUIN COSTA;39.46572619019140;-0.366816198824914;;
JUAN XXIII;39.49079761140190;-0.382475538999598;;
AVELLANAS;39.47443825526930;-0.374270686771911;;
PEREZ BAYER;39.46982331018680;-0.371522477826562;;
RAMON DE CASTRO;39.46357456446880;-0.389062717386344;;
DOCTOR NICASIO BENLLOCH;39.49201054042050;-0.396764371311223;;
POETA SERRANO CLAVERO;39.49162011488100;-0.389538374280827;;
REVERENDO JOSE NOGUERA;39.44369497138660;-0.392342431412288;;
PINTOR MATARANA;39.49293325172790;-0.393535604938515;;
JOSE AGUILAR;39.46279664856040;-0.341381593798228;;
DEMOCRACIA;39.47397461706720;-0.397828794478222;;
EMILIO BARO;39.48635357456870;-0.361482500078134;;
MAXIMILIANO THOUS;39.48767180444560;-0.374432999980055;;
HERMANOS VILLALONGA;39.48382862794620;-0.357648833813234;;
MOLINA DEL PALAU;39.45446498226000;-0.370662255126279;;
PERIODISTA GIL SUMBIELA;39.49223782367020;-0.383509758906874;;
AMADO GRANELL MESADO (MILITAR);39.45984549828370;-0.365324996103434;;
ALBA;39.43539151129140;-0.391899287393902;;
DAMA DE ELCHE;39.46277021395390;-0.342769955925528;;
MASCARON;39.27912291732850;-0.277269360572141;;
FUENTE DE SAN LUIS;39.45648448992610;-0.371686785159364;;
ELIAS TORMO;39.50098739780120;-0.419478819532592;;
SALAMANCA;39.46734531220210;-0.365152378073787;;
DANIEL BALACIART;39.47968650381420;-0.356420319772748;;
ERUDITO ORELLANA;39.47094714160430;-0.387485094316938;;
JOAQUIN BENLLOCH;39.45220457386760;-0.375548198121159;;
LEOPOLDO PILES ROS (PROFESSOR);39.46347901531470;-0.397465864219206;;
COTANDA;39.47100885122660;-0.376881151244450;;
RODRIGO BOTET;39.47128632171380;-0.375365747377395;;
LEONES;39.46495668338540;-0.348655626996540;;
DOCTOR MANUEL CANDELA;39.46678518532470;-0.350582975471309;;
BOLBAITE;39.48218287055280;-0.327885970708326;;
CAMPAMENTO;39.50035048304790;-0.425352134490916;;
CONDE DE ALTEA;39.46693538503030;-0.365728569982998;;
ALMAZORA;39.48450343852600;-0.371055083448233;;
ROGER DE LAURIA;39.46912308876570;-0.374413167383832;;
LERIDA;39.48375611120150;-0.377889564564486;;
ENRIQUE NAVARRO;39.48439447770010;-0.356863395177485;;
ACTOR LLORENS;39.46809055828920;-0.354870011663159;;
FUENTE DE SAN LUIS;39.45452737080910;-0.371567258492407;;
JOSE BALLESTER GOZALVO;39.48283352561350;-0.325034421345570;;
RODRIGO DE PERTEGAS;39.46174089672660;-0.344286763332196;;
VICENTE BARRERA CAMBRA;39.48073003901990;-0.357301801256721;;
SAN VICENTE MARTIR;39.47192377557950;-0.377083906029996;;
CATALU;39.47860103259540;-0.354218052526453;;
POETA QUINTANA;39.47116625081510;-0.370578698528523;;
CALLOSA DaEN SARRIA;39.46163973017940;-0.387645955539460;;
CID;39.46777237601050;-0.393552745278316;;
ENGUERA;39.46647143205420;-0.394729644738988;;
CAMBRILS;39.49489022732420;-0.379922228204132;;
RAFAEL TENES ESCRICH;39.49911547815700;-0.417690415822833;;
HUMANISTA MARINER;39.46036752829380;-0.393783512782261;;
CAMPOAMOR;39.47269097218790;-0.353275366116218;;
BURJASOT;39.48523665923830;-0.385568359806152;;
MALVARROSA;39.47885596200440;-0.327989462576913;;
TURIA;39.47761243083560;-0.385438491820262;;
ARTES Y OFICIOS;39.46781942178650;-0.352285186371723;;
MONESTIR DE POBLET;39.48551882833970;-0.393349938813852;;
SAN CLEMENTE;39.49018907345650;-0.402368815961710;;
PRINCIPAL;39.43026389249110;-0.363382178631249;;
INDUSTRIA;39.46352671222220;-0.343890188951553;;
QUART;39.47607223671280;-0.382056258016624;;
BRASIL;39.47204216924690;-0.399238077402113;;
SAN IGNACIO DE LOYOLA;39.47328165603920;-0.390468945316154;;
POETA QUEROL;39.47131712966050;-0.374177261132111;;
ARQUITECTO RODRIGUEZ;39.49391630621540;-0.369194502121119;;
FELIP MARIA GARIN;39.46816343222800;-0.359496210125301;;
AUSIAS MARCH;39.45312708633570;-0.373450944923152;;
MARQUES DEL TURIA;39.46782425581220;-0.367011022827989;;
PADRE VICAS;39.49414015089200;-0.370571708619207;;
JOSE MARIA HARO (MAGISTRAT);39.47185025977540;-0.337833551062093;;
HEROE ROMEU;39.46924635527050;-0.388477756558998;;
CALVO ACACIO;39.45338984627030;-0.391542529627415;;
RODRIGUEZ DE CEPEDA;39.46850135531110;-0.352839467038686;;
LINARES;39.46826901758240;-0.395030670314359;;
CASTELL DE POP;39.44818273276520;-0.333769314948202;;
AMADO GRANELL MESADO (MILITAR);39.45793135340180;-0.363967409813874;;
ALCOY;39.46453705080540;-0.377194313745858;;
DOCTOR WAKSMAN;39.45539495287070;-0.369308711774859;;
MALAGA;39.48465179358680;-0.382500415799409;;
VICENTE BRULL;39.46692753579860;-0.332355840876158;;
DOCTOR VICENTE ZARAGOZA;39.48408429528990;-0.360147397736079;;
FRANCISCO DE BELLVIS;39.46474495188900;-0.340278322889781;;
ANGEL GUIMERA;39.47028006818490;-0.385640449661160;;
DEMOCRACIA;39.47354202841180;-0.400117277344945;;
GUILLEM DE ANGLESOLA;39.46422402413800;-0.346202873566963;;
MALVARROSA;39.48108467740040;-0.327979047325559;;
SAN FRANCISCO DE BORJA;39.46604778942040;-0.385154659510303;;
BAILEN;39.46558809256660;-0.378527606915096;;
RAMON LLULL;39.47799221878390;-0.346347596507386;;
MU-IZ Y H. DE ALBA;39.46451195478130;-0.347166109448059;;
JOSE SOTO MICO;39.43964966279050;-0.389148328446245;;
HONORATO JUAN;39.46479298252190;-0.386627098043245;;
RODRIGO DE PERTEGAS;39.46134778622030;-0.342973727479054;;
PUERTO RICO;39.46087249274180;-0.376740064369692;;
AYORA;39.46445008975860;-0.393676766222853;;
ALBACETE;39.46410976073510;-0.383335177510265;;
FELIPE VALLS;39.50302512018140;-0.419886500593391;;
DEMOCRACIA;39.47414385210070;-0.395621180235635;;
SAN JOSE DE CALASANZ;39.46695615927110;-0.389395901728761;;
SAN VICENTE MARTIR;39.46291556832240;-0.382258593476496;;
ALFAHUIR;39.48883697750370;-0.366337585771793;;
MAESTRO GOZALBO;39.46570675029940;-0.369562296409081;;
DOCTOR PESET CERVERA;39.47472970061810;-0.386784862198088;;
MAESTRO ESTEBAN CATALA;39.48195327493080;-0.360720143486160;;
TOTANA;39.46973356336590;-0.394580141799572;;
ARCHIDUQUE CARLOS;39.46126717242000;-0.398796102262776;;
JUAN XXIII;39.49208211802020;-0.382618255878229;;
PECHINA;39.47913545130590;-0.385328063238950;;
GOYA;39.47333089706240;-0.398274045080405;;
FRANCISCO CLIMENT;39.45536126604360;-0.386685182269706;;
LUIS GARCIA-BERLANGA MARTI (DIRECTOR CINEMA);39.45587141093020;-0.345780396211525;;
CIUDAD DE BRUJAS;39.47304117292970;-0.379532176181109;;
AMADO GRANELL MESADO (MILITAR);39.45908605131330;-0.364783959228971;;
BERNIA;39.45427682686160;-0.372799643522542;;
CUENCA;39.46482311741840;-0.387896186278769;;
PERIS BRELL;39.46467100917170;-0.347737039399650;;
ACTOR LLORENS;39.46695635916520;-0.355341273496006;;
SANTANDER;39.45432194796770;-0.389418859807829;;
MADERAS;39.46219031549570;-0.339411828426501;;
NOGUERA;39.46242422470950;-0.341652853567551;;
ABEN AL ABBAR;39.46622962268150;-0.352982611282475;;
PEREZ GALDOS;39.47040808446760;-0.392467133792087;;
REGNE DE VALENCIA;39.46393608260530;-0.368260782974196;;
GUILLEM DE ANGLESOLA;39.46415412504300;-0.346050987761368;;
VEINTICINCO DE ABRIL;39.47044576938670;-0.398268535489168;;
DOCTOR VICENTE ZARAGOZA;39.48368072065240;-0.358184040894378;;
ALAMO;39.49186223952100;-0.390915142668952;;
TAMARINDOS;39.47823296740250;-0.402317552660892;;
POETA ALTET;39.48665966587020;-0.364174967375836;;
ALCALDE ALBORS;39.47240441212020;-0.395400144837221;;
MIGUEL SERVET;39.48807360947890;-0.393923181314523;;
SAN JOSE DE PIGNATELLI;39.49119584667590;-0.383868094777396;;
LLANERA DE RANES;39.45412055173320;-0.390862573857532;;
ALMUDAINA;39.45359420599280;-0.382939087652393;;
BELLO;39.46040064853330;-0.334834304476885;;
ALQUERIA DE LA ESTRELLA;39.48535718175270;-0.382963580603009;;
ZAPADORES;39.45769753703540;-0.368277168289093;;
SAN COLUMBANO;39.48927181740110;-0.357789203231217;;
PELAYO;39.46404054436980;-0.379844019014498;;
JOSE GROLLO;39.49454185936230;-0.394458949072327;;
ACTOR LLORENS;39.46967108959700;-0.354097013252768;;
DUQUE DE MANDAS;39.49114196872690;-0.366096390462698;;
DOCTOR ROYO VILANOVA;39.44372119637640;-0.391590433188068;;
RIBERA;39.46739756415470;-0.375992380033440;;
OEST;39.47068987051400;-0.379581863426982;;
PINTOR STOLZ;39.46979072030580;-0.401108262013999;;
DOCTOR ZAMENHOF;39.47455620635870;-0.394872517762014;;
DOCTOR ZAMENHOF;39.47579768321830;-0.391945762479657;;
HERMANOS VILLALONGA;39.48562322239870;-0.357061247572852;;
ALBORAYA;39.48272678521130;-0.370304725778433;;
ENRIQUE NAVARRO;39.48492465215440;-0.358576468517570;;
PADRE SIMO;39.50388553996390;-0.423357703851405;;
LEANDRO DE SARALEGUI;39.47514573755100;-0.348382975373599;;
ARTURO PIERA;39.47020765430220;-0.394485384550458;;
EMILIO BARO;39.49133405187080;-0.359165328265793;;
CONCHITA PIQUER;39.48688320644020;-0.391775951045389;;
CAMP DE TURIA;39.49576900576460;-0.400418989843000;;
POETA MAS Y ROS;39.47033447477760;-0.347804545369520;;
JOSE BALLESTER GOZALVO;39.47687553630840;-0.324671077017133;;
LEONES;39.46867585065080;-0.347237213760276;;
DOCTOR WAKSMAN;39.45681044007770;-0.374562638439894;;
VALLADOLID;39.48867530440690;-0.358232616009397;;
TIRSO DE MOLINA;39.47847976049130;-0.392641940478794;;
MU-OZ SECA;39.47266197699570;-0.362102542927316;;
BLASCO IBArEZ;39.47812389360040;-0.363310344417099;;
BUEN ORDEN;39.46679586149340;-0.386566727939028;;
VIVES LIERN;39.46476504283250;-0.380551816890157;;
AZCARRAGA;39.47405789692060;-0.391538971349358;;
LUIS SANTANGEL;39.46167494240520;-0.366839920994198;;
MOSSEN FENOLLAR;39.46125528817620;-0.388921191000959;;
ALEJANDRO VOLTA;39.46789559492610;-0.415736594420036;;
CORTS VALENCIANES;39.49072265831060;-0.400134140646630;;
DOCTOR RAFAEL BARTUAL;39.45371705291380;-0.404150972043301;;
MASQUEFA;39.48948657235030;-0.358959553816496;;
SANTA MARIA MICAELA;39.47173810855400;-0.392965359479250;;
LLANTERNERS;39.46264315244220;-0.408898322207127;;
MUSICO MAGENTI;39.48315023718530;-0.359202469819728;;
OLIVERETA;39.47239568084960;-0.396213742927777;;
BURJASOT;39.49839404077200;-0.399884610466497;;
BRASIL;39.47112809513310;-0.396078277345146;;
ALAMEDA;39.45847049095880;-0.351075210230559;;
BLASCO IBArEZ;39.47912834887690;-0.363967318436024;;
MARQUES DEL TURIA;39.46742612595500;-0.367932673658841;;
ALBACETE;39.46534943553920;-0.382554227874150;;
JOSE BALLESTER GOZALVO;39.48113937281660;-0.324767863679079;;
BARON DE SAN PETRILLO;39.48679868628050;-0.360257185108490;;
JERONIMO MUgOZ;39.45937044786740;-0.387660590966843;;
LERIDA;39.48389429567900;-0.378426129716731;;
BLASCO IBArEZ;39.47691632293280;-0.356527007293081;;
DEMOCRACIA;39.47357601793140;-0.399411444288106;;
GASPAR AGUILAR;39.45751447635550;-0.389760421559775;;
JOSE BENLLIURE;39.46518924239700;-0.330884031002685;;
SAGUNTO;39.48839930155480;-0.375192336508945;;
CONSERVA;39.46400456483000;-0.345126223451826;;
BEHRING;39.44307762192110;-0.387395916401430;;
CUENCA TRAMOYERES;39.48315678342140;-0.360713055686294;;
JOAQUIN BALLESTER;39.48445774457970;-0.386310568894170;;
ALMAZORA;39.48308626313630;-0.371943368032027;;
SAGASTA;39.46974994189020;-0.373320987940687;;
ARQUITECTO ALFARO;39.46131053474450;-0.335793479370592;;
DIBUJANTE MANUEL GAGO;39.46218600275740;-0.391077517727628;;
FELIX DEL RIO (ACTIVISTA VEANAL);39.49117958981100;-0.383474179307215;;
COVADONGA;39.48684158773540;-0.378406036339681;;
DUQUE DE GAETA;39.46539381193360;-0.350124392083345;;
PADRE RICO;39.47191885342640;-0.389031728450359;;
ISMAEL BLAT (PINTOR);39.43251645967520;-0.390613985305754;;
VALLE DE AYORA;39.49129655810800;-0.397853559235980;;
POETA SERRANO CLAVERO;39.49302239616220;-0.388599038517428;;
ESCULTOR FRECHINA;39.45140782365930;-0.389614604256522;;
FLORESTA;39.46520656782460;-0.349448221001382;;
MU-OZ SECA;39.47325449907710;-0.361756366859997;;
POBLA DE FARNALS;39.46999338415210;-0.353168796714819;;
ANGEL GUIMERA;39.47027450886640;-0.385638007710770;;
MARIA CRISTINA;39.47296707962900;-0.377555526173333;;
ALAMEDA;39.45709416004800;-0.349087173437580;;
OEST;39.47266718138160;-0.379669998414814;;
BLANQUERIAS;39.47969829628610;-0.376934896045221;;
SUECIA;39.47504401405410;-0.359231649395563;;
ISLA CABRERA;39.44890680551780;-0.377499102182902;;
MUSICO CABANILLES;39.44519310717700;-0.392016384664029;;
CRONISTA RIVELLES;39.48080881553120;-0.373743575784521;;
HERNAN CORTES;39.46738493938740;-0.370800582490545;;
MAR;39.47356040856010;-0.371613712377220;;
JOAQUIN COSTA;39.46659455108690;-0.367427538109906;;
EMILIO BARO;39.48713012739220;-0.361250730856871;;
MERCADO;39.47388029137630;-0.378429100278996;;
ERNESTO FERRER;39.47187008489810;-0.355310038379327;;
JESUS;39.46612359614060;-0.383379024896985;;
SAN JOSE DE LA MONTAaA;39.47443445816220;-0.392852598377084;;
VALLADOLID;39.48881501582740;-0.359327424407760;;
CIUDAD DE MULA;39.47415595155660;-0.353844282389262;;
CERVANTES;39.46703160298620;-0.381883809999055;;
PERIS Y VALERO;39.45945862102680;-0.369982786724793;;
VINALOPO;39.47726396583900;-0.350423315340032;;
REAL DE GANDIA;39.48486814158340;-0.354818290396808;;
LUIS LAMARCA;39.47080915062080;-0.403173632189038;;
POETA MAS Y ROS;39.47031327760580;-0.348130631226943;;
BLASCO IBArEZ;39.47883668623330;-0.362981261250578;;
HORTICULTOR CORSET;39.47326117074850;-0.391727806954112;;
HIGINIO NOJA (PROFESSOR);39.46243989874360;-0.345837061139364;;
ARQUITECTO RODRIGUEZ;39.49563513827250;-0.367177921250239;;
TORRENTE;39.46165136092290;-0.402943504011360;;
JUAN DE GARAY;39.45463528243720;-0.394633581349125;;
CASTIELFABIB;39.47783254707690;-0.395440651638955;;
PINTOR SEGRELLES;39.46422638420320;-0.385688314190915;;
BRASIL;39.47078855073790;-0.395315198373525;;
JACA;39.48380306386160;-0.367292640350403;;
JUAN LLORENS;39.47406317905820;-0.391749820974913;;
MAESTRO PALAU;39.47156505957270;-0.384307375738941;;
DENIA;39.46204536000010;-0.377351244535489;;
PEREZ GALDOS;39.46507237334550;-0.388863123913752;;
CRONISTA ALMELA Y VIVES;39.47775773095560;-0.356022478917561;;
MANUEL CASTELLANOS;39.48675028842180;-0.361287500798290;;
CISCAR;39.46749006493940;-0.366691314550635;;
SU-SSA;39.45354512411370;-0.335462682898843;;
TORRETA DE MIRAMAR;39.48762326689800;-0.362718536459563;;
HISTORIADOR DIAGO;39.46648686557670;-0.385974186543038;;
VALLE DE LA BALLESTERA;39.48029953122440;-0.395069773831754;;
BILBAO;39.48698138149470;-0.372749871064720;;
PROFESOR BELTRAN BAGUENA;39.48074724661870;-0.389161870656529;;
CISCAR;39.46704302072340;-0.366381968333925;;
SERPIS;39.47288611807330;-0.338187765924346;;
ENGUERA;39.46723025087900;-0.395035314973442;;
SAN VICENTE MARTIR;39.46226708890640;-0.382193494790448;;
PEDRO III EL GRANDE;39.46299129994770;-0.367947167700169;;
BLASCO IBArEZ;39.47336585687910;-0.344427050419894;;
JUAN RAMON JIMENEZ;39.45524742566670;-0.376224416418676;;
JOSE BALLESTER GOZALVO;39.47487134335500;-0.324680620760868;;
PROFESOR BELTRAN BAGUENA;39.48210559960530;-0.390299109240630;;
EMILIO BARO;39.48463087016020;-0.362335027536624;;
ALBORAYA;39.48431973615700;-0.369530263866589;;
QUART;39.47454680416140;-0.390975491927727;;
FRANCIA;39.45891490617100;-0.346603732179509;;
SAN JOSE DE CALASANZ;39.46640994325580;-0.387173378767674;;
PALLETER;39.46931326597830;-0.386534256686738;;
PRIMADO REIG;39.48823791148570;-0.368520505389084;;
AGUSTIN LARA;39.49349979581010;-0.371263929834814;;
ALBORAYA;39.48489292920050;-0.369231063570189;;
LITERATO AZORIN;39.45975747090070;-0.375824578325406;;
SAN VICENTE FERRER;39.47383928518580;-0.372705714482923;;
JOAN BAPTISTE MUDOZ;39.46356267911010;-0.353906096583722;;
HERNAN CORTES;39.46829582815200;-0.371442184747369;;
MENENDEZ Y PELAYO;39.47977835839870;-0.362490803500380;;
CAMPOAMOR;39.46955338611470;-0.342616040900298;;
AYUNTAMIENTO;39.47100109429990;-0.376628909369497;;
CISCAR;39.46651038396980;-0.366015021304952;;
CONSTITUCION;39.48341436207260;-0.378807915733584;;
AYORA;39.46581876984590;-0.392474166558197;;
VALL D;39.49198538418590;-0.401597613067715;;
JUAN DE MENA;39.47217115301020;-0.385650491834199;;
PECHINA;39.47558512014770;-0.394564255087677;;
CAVITE;39.48389552931880;-0.326552550471078;;
MADRE SACRAMENTO;39.48110237473360;-0.372389022672124;;
JACINTO BENAVENTE;39.46685253605150;-0.363153505796161;;
CONDE DE ALTEA;39.46682350032890;-0.365949348227069;;
GUILLEM DE CASTRO;39.47442483890920;-0.383801804162346;;
QUART;39.47472840896360;-0.389884119205851;;
PARRA;39.48306705069670;-0.396329329965801;;
HERNAN CORTES;39.46704526573250;-0.370561006443667;;
ARZOBISPO FABIAN Y FUERO;39.48339101373290;-0.382913988669771;;
MU-OZ DEGRAIN;39.47344301295000;-0.373206918304843;;
SAN JOSE DE LA MONTAaA;39.47447323723930;-0.393469683261772;;
EOLO;39.47034572603230;-0.355200633628220;;
SAN VICENTE MARTIR;39.46349229050890;-0.381890081507174;;
JACOMART;39.49683950925810;-0.376227825413202;;
SAN JOSE DE CALASANZ;39.46677139677820;-0.389245889874669;;
AZAGADOR DE ALBORAYA;39.48861437746240;-0.362044404016669;;
EMILIO BARO;39.48954087739000;-0.359907008900767;;
GONZALO RAMIRO PEDRER;39.48957328199130;-0.379017760146385;;
EMILIO BARO;39.48561912276730;-0.361996949808172;;
NORTE;39.47559932866720;-0.390864658734507;;
CHILE;39.47116997169560;-0.354911978414905;;
HERNAN CORTES;39.46886912440940;-0.371845450133076;;
FRANCIA;39.45927493675310;-0.346543148312415;;
HERNAN CORTES;39.46774912214040;-0.371055940129371;;
FELIX PIZCUETA;39.46632791876100;-0.372677133485344;;
MARIA LLACER;39.46952711025620;-0.383768524583447;;
PROFESOR BELTRAN BAGUENA;39.48063301245930;-0.389264807471364;;
MOSSEN SORELL;39.47772776851490;-0.380240760189984;;
JOSEP SOLER CARNICER (ESCRIPTOR);39.45112659018110;-0.334759931805327;;
(Sin Asignar);39.46097694857360;-0.380683061034530;;
CADIZ;39.46181906870710;-0.373611781089566;;
CRISOSTOMO MARTINEZ;39.49990558063860;-0.422751004497581;;
DUQUE DE MANDAS;39.49161803901110;-0.366436316203965;;
JACOMART;39.49657221097920;-0.377386245092825;;
PINTOR SEGRELLES;39.46389005944880;-0.385943895682961;;
HUMANISTA FURIO;39.46891076922260;-0.344673902182928;;
JACOMART;39.49644115181150;-0.377961854313583;;
SEGOVIA;39.44886453284620;-0.391900577088933;;
MARIE CURIE (CIENTsFICA);39.49112568729790;-0.377218139332883;;
PINTOR ZARIgENA;39.47683736921500;-0.382925635027404;;
CARRASQUETA;39.49415923474750;-0.395454924741056;;
PIANISTA AMPARO ITURBI;39.45497775847720;-0.382803241715896;;
LINTERNA;39.47230323051240;-0.379134483601438;;
ALBORAYA;39.48116655006450;-0.371058561777543;;
MAXIMILIANO THOUS;39.48746314679310;-0.373358897751578;;
MAXIMILIANO THOUS;39.48787144666360;-0.374554550886894;;
MAXIMILIANO THOUS;39.48760290561910;-0.373175834627117;;
SAN VICENTE DE PAUL;39.49064255421680;-0.370814609519709;;
NI-OS DE SAN VICENTE;39.46981247113260;-0.372646654490285;;
JORGE JUAN;39.46919002632190;-0.369247488703230;;
JORGE JUAN;39.46877003241130;-0.369048333297711;;
JORGE JUAN;39.46833841591130;-0.368817305983388;;
CONSUELO;39.46326335046710;-0.336360108490200;;
FRAY PEDRO VIVES;39.48659119829690;-0.373473747686245;;
MOTILLA DEL PALANCAR;39.48980996728730;-0.369620606514306;;
EN PLOM;39.47505082914670;-0.383832021271596;;
PEDRO CABANES;39.49406195730660;-0.379064460947906;;
MONTEOLIVETE;39.45937305108810;-0.358751298696979;;
CALVO ACACIO;39.45268255813580;-0.389542891040709;;
REGNE DE VALENCIA;39.46458344219800;-0.372246229228063;;
MENENDEZ PIDAL;39.48052855544900;-0.387173325879856;;
SAN VALERO;39.46434978492110;-0.371786661766973;;
REGNE DE VALENCIA;39.46416856067050;-0.370350840487350;;
REGNE DE VALENCIA;39.46438948914260;-0.370329595887753;;
QUART;39.47481468833570;-0.389907872583684;;
CARTAGENA;39.47090249585900;-0.393646137776079;;
TRES FORQUES;39.46409875160220;-0.395220857398163;;
TRAFALGAR;39.46318116375640;-0.344155500083887;;
APARICIO ALBI ANA;39.48427644796180;-0.397218474598977;;
SANTO DOMINGO SAVIO;39.49601276763510;-0.375390254602990;;
SANTO DOMINGO SAVIO;39.49480091082190;-0.374933745835078;;
SANTO DOMINGO SAVIO;39.49411187302530;-0.374658516803737;;
PEDRO CABANES;39.49473975048330;-0.375989058684605;;
PEDRO CABANES;39.49430791076350;-0.377929088932660;;
MAESTRO BELLVER;39.46610657785840;-0.391062154166864;;
CONDE DE TORREFIEL;39.49257844143820;-0.375776954095045;;
MAESTRO BELLVER;39.46571437660890;-0.391403988231106;;
MATEMATICO MARZAL;39.46667000929220;-0.380217694698466;;
ESTRELLA;39.46604807277750;-0.380447695049769;;
MATEMATICO MARZAL;39.46660729736790;-0.380306742504390;;
ESTRELLA;39.46633204835750;-0.380330192320197;;
GENERAL SAN MARTIN;39.46539780710060;-0.375594158459441;;
TRES CRUCES;39.45697659041620;-0.401260111015533;;
ERNESTO ANASTASIO;39.46781235823220;-0.333555911352188;;
MARQUES DEL TURIA;39.46594001369910;-0.371224468901768;;
MARQUES DEL TURIA;39.46568898600370;-0.372063057560804;;
MARQUES DEL TURIA;39.46561145612750;-0.372010861072293;;
QUART;39.47488598080110;-0.388620927319538;;
MARQUES DEL TURIA;39.46644701098920;-0.370000108649211;;
MARQUES DEL TURIA;39.46653096456110;-0.370058256438214;;
MARQUES DEL TURIA;39.46601997068870;-0.371280002053953;;
SAN IGNACIO DE LOYOLA;39.47422806233780;-0.388250693928814;;
PINTOR BENEDITO;39.46572934626610;-0.382513834747564;;
JORGE JUAN;39.46842297105860;-0.368638598616244;;
SALAMANCA;39.46778721639810;-0.365331420138096;;
ALICANTE;39.46508562089750;-0.377285190987330;;
ERUDITO ORELLANA;39.47093501428460;-0.387361606121994;;
CHIVA;39.46518185070610;-0.390296653346636;;
CARTEROS;39.44954808128920;-0.389200168869150;;
RINCON DE ADEMUZ;39.47237741709100;-0.403061147931957;;
JOSE AGUIRRE;39.46153895401700;-0.332769822841945;;
MUSICO CABANILLES;39.44494781656390;-0.390963960009711;;
MAESTRO ASENSI;39.47149074220560;-0.395348104219985;;
ALCIRA;39.46687418094730;-0.384854163230868;;
NEPTUNO;39.46322163376500;-0.323555634693351;;
MARVA;39.46395398401960;-0.384455509632922;;
DOCTOR CALATAYUD BAYA;39.48075189978930;-0.396044111607337;;
MARIA DE MOLINA;39.45211135327090;-0.389951266939354;;
CONDE DE TRENOR;39.47890017769960;-0.374906129975392;;
VENEZUELA;39.45525410340520;-0.388107377416661;;
BLASCO IBArEZ;39.47701494898330;-0.359539161559773;;
MATHEU Y SANZ;39.45780211525710;-0.388863890009627;;
LORENZO SALOM;39.45769865884050;-0.385947613381878;;
REAL DE MADRID;39.43009205853600;-0.392697380945601;;
ANTONIO SUAREZ;39.46764766541300;-0.357702476953141;;
BARON DE CORTES;39.46220088083860;-0.371061785040753;;
JULIAN PEaA;39.46817931715020;-0.392869339943449;;
JUAN DE CELAYA;39.45167100959150;-0.385798860330260;;
URUGUAY;39.45788049960330;-0.386818814482683;;
VICENTE PUCHOL;39.42879254628870;-0.363695694554254;;
PUERTO RICO;39.46143060668700;-0.375415742470378;;
CAMPANAR;39.48689576020070;-0.390205335745518;;
JOSE BALLESTER GOZALVO;39.47844535827730;-0.324688260128783;;
PADRE VICAS;39.49593386643870;-0.368949601284406;;
VALLADOLID;39.48891584951880;-0.358664663363765;;
OLIMPIA AROZENA TORRES (PROFESSORA);39.46975644908890;-0.392387618542238;;
BEATO GALVEZ;39.46430445075570;-0.383374812965693;;
BLASCO IBArEZ;39.47025222725490;-0.336504363783760;;
MARTIN EL HUMANO;39.47075782693330;-0.390947182544083;;
CRONISTA CARRERES;39.47271314754530;-0.367664582653905;;
AGUSTINA DE ARAGON;39.45506656354500;-0.388946006551305;;
GENERAL SAN MARTIN;39.46519035987510;-0.374325796282375;;
MARIANO DE CAVIA;39.45320482640110;-0.403156432293674;;
MASTIL;39.27932085488940;-0.277188654240126;;
RAMON ASENSIO;39.48215123595960;-0.358534523880173;;
JERONIMA GALES (IMPRESSORA);39.45316990870880;-0.390556646173614;;
SALABERT;39.46358711085230;-0.396009901134043;;
POETA MAS Y ROS;39.46793277374260;-0.339829378419225;;
ANTONIO JUAN;39.47253324986510;-0.333045479148056;;
PADRE VICAS;39.49456287124940;-0.370199227733489;;
MUSICO PENELLA;39.45193301412900;-0.392344110075168;;
FELIX DEL RIO (ACTIVISTA VE;39.49198933797370;-0.379936559355903;;
CANOVAS DEL CASTILLO;39.46797758051740;-0.365706936055463;;
VILLA DE MURO;39.48387899335970;-0.361714144955665;;
CORTS VALENCIANES;39.49098506801380;-0.400322634850365;;
UTIEL;39.48598188590730;-0.360090876966917;;
MARTI GRAJALES;39.46866780856290;-0.333328132654735;;
MONCADA;39.49133934131360;-0.378820334316777;;
LITERATO GABRIEL MIRO;39.47179977335840;-0.391516450184347;;
MUSICO BARBIERI;39.46127514805630;-0.393811538284857;;
POETA MAS Y ROS;39.46833641085350;-0.341218189781931;;
DOCTOR GIL Y MORTE;39.46211685417270;-0.382267720403499;;
ALEMANIA;39.48106565456530;-0.361821606819957;;
CID;39.46747590397330;-0.391912778524941;;
SALVADOR LLUCH;39.45868345179550;-0.367356759962258;;
SALVADOR SASTRE;39.46355930250960;-0.380980272332123;;
OEST;39.46933441598350;-0.379526365664393;;
RODRIGUEZ DE CEPEDA;39.46914336939090;-0.355029180318421;;
CAMPANAR;39.48278161223010;-0.392440898346285;;
JUAN XXIII;39.49294509230120;-0.382937656038992;;
FONTILLES;39.44979095747910;-0.334205176790675;;
TRAFALGAR;39.46045504518340;-0.345641924909411;;
JOAQUIN MARIN;39.50234056773370;-0.423541536349387;;
MUSICO ESPI;39.49707620269500;-0.374273618875974;;
GIORGETA;39.45690422971910;-0.383036365589386;;
PEDRO DE VALENCIA;39.46869361132940;-0.338008430161576;;
AYUNTAMIENTO;39.46984050970340;-0.375989301946503;;
ALCAyIZ;39.49300057892800;-0.378094098892198;;
CONSERVA;39.46619415051850;-0.344041112069370;;
ROJAS CLEMENTE;39.47330281683170;-0.385125759585882;;
CONDE DE TORREFIEL;39.49402203601760;-0.376319999621100;;
CAMPANAR;39.48313471445510;-0.392272385017963;;
PINTOR VILAR;39.48220745821060;-0.370305998826329;;
PINTOR VILAR;39.48201542217020;-0.370419631340995;;
PADRE URBANO;39.48902189902830;-0.374200349361588;;
CAMPANAR;39.48569796227760;-0.391055149709304;;
MALVARROSA;39.48155755000090;-0.327978877658220;;
SAFOR;39.49091170117340;-0.398316179419700;;
JOAQUIN COSTA;39.46702742049410;-0.367733646244108;;
JUAN LLORENS;39.47176950648530;-0.390130268357506;;
OEST;39.47184000590500;-0.379804000046756;;
ANDRES MANCEBO;39.46421759841960;-0.355837591838156;;
PERIS Y VALERO;39.46180529249580;-0.363929505532930;;
MAR;39.47382434337190;-0.373492176842129;;
PERIS Y VALERO;39.45787532737860;-0.373247383874982;;
QUART;39.47552975046100;-0.385127060672327;;
RUZAFA;39.46581032091680;-0.374349030878629;;
LEGION ESPAgOLA;39.47721444439660;-0.366952284268863;;
VILARAGUT;39.47182084880740;-0.374613938406991;;
CIRILO AMOROS;39.46837258928380;-0.369101551168105;;
DOCTOR MONSERRAT;39.47557968960720;-0.384710468392281;;
ISABEL LA CATOLICA;39.46811350580800;-0.369861734202601;;
PEREZ PUJOL;39.46943838700330;-0.374860963741708;;
CIRILO AMOROS;39.46687779827980;-0.372644085808888;;
MALVARROSA;39.47965275955480;-0.327986086179493;;
CIRILO AMOROS;39.46770346470920;-0.370684375308321;;
CIRILO AMOROS;39.46957108225920;-0.366261039521965;;
SAN MIGUEL;39.47649386310350;-0.380307988763541;;
ISABEL LA CATOLICA;39.46926081671600;-0.370717522011448;;
PERIS Y VALERO;39.46004545823670;-0.368103838382169;;
ARQUITECTO LUCINI;39.49129442885960;-0.376242026513110;;
BORRULL;39.47461814654040;-0.385403588160915;;
CORREOS;39.46979854965150;-0.374549513788126;;
JERONIMO MUgOZ;39.45880331568280;-0.386003852387495;;
QUART;39.47512542833100;-0.387525611592987;;
GENERAL PRIM;39.46261791751520;-0.370476482814987;;
SERRANO MORALES;39.46950448882870;-0.365158177447902;;
ALBERIQUE;39.46726704631600;-0.388611664441056;;
CIRILO AMOROS;39.46909950366460;-0.367375667313577;;
COMEDIAS;39.47230001984200;-0.372477148075406;;
COMEDIAS;39.47267323074290;-0.372444245887278;;
PERIS Y VALERO;39.45733185430780;-0.374538412550827;;
PEDRO III EL GRANDE;39.46230905524720;-0.369561065721199;;
POETA QUEROL;39.47094260089650;-0.374265100553725;;
ISABEL LA CATOLICA;39.46728689129930;-0.369340960439463;;
PERIS CELDA;39.49890124416180;-0.394956137169270;;
LUIS BOLINCHES COMPAa (ESCULTOR);39.45733527063780;-0.344549057199844;;
FRANCISCO BALDOMA;39.46626063351860;-0.333369983056786;;
MATIAS PERELLO;39.46205953098750;-0.366269152814082;;
MENENDEZ Y PELAYO;39.47975058275000;-0.361987503143959;;
MAESTRO AGUILAR;39.46024805287540;-0.369480027703842;;
SAN JOSE DE LA MONTAaA;39.47456444682440;-0.392443872589057;;
BALEARES;39.46343548908530;-0.355791908578929;;
MENENDEZ Y PELAYO;39.48025728487260;-0.363709691665003;;
ALCOY;39.46398613242540;-0.376907990894496;;
AYUNTAMIENTO;39.46931464364930;-0.376059722053446;;
MENENDEZ Y PELAYO;39.47963914140780;-0.361608428978846;;
EMILIO BARO;39.48447777069730;-0.362561844518553;;
NA ROBELLA;39.45053190443210;-0.372324468610579;;
CARRICOLA;39.45253822323130;-0.386941249593516;;
SAN FRANCISCO DE BORJA;39.46629997268110;-0.385780121201537;;
MENENDEZ Y PELAYO;39.48013496737100;-0.363293334440836;;
LORCA;39.46865285146640;-0.391706411697879;;
CONSOLAT DE MAR;39.46289237516760;-0.371635188899684;;
PROFESOR TAMARIT OLMOS;39.47997293128010;-0.363033894628385;;
REINA;39.47407200172780;-0.375250435910077;;
JACINTO BENAVENTE;39.46801480678990;-0.363878715707564;;
RUZAFA;39.46446606137930;-0.373422411358842;;
TORRENTE;39.46175740047800;-0.400362055235163;;
CULTURA;39.47291294252140;-0.374453370058524;;
SAN JOSE DE CALASANZ;39.46667274691750;-0.387854185361080;;
CAMPAMENTO;39.50221139660350;-0.421110658873173;;
PINZON;39.47658846056670;-0.382449052832356;;
CARLOS CERVERA;39.46327467283230;-0.372170217706310;;
AZCARRAGA;39.47446540347090;-0.388423242889085;;
AMADO GRANELL MESADO (MILITAR);39.45756452017400;-0.363718997841946;;
PERIODISTA GIL SUMBIELA;39.49178489980680;-0.384990498785664;;
PERIODISTA GIL SUMBIELA;39.49284102799670;-0.389583154673378;;
PEDRO ALEIXANDRE;39.45996767326530;-0.362066348042470;;
CUBA;39.46052397518390;-0.375956190908944;;
DIPUTADA CLARA CAMPOAMOR;39.48995464908070;-0.366509682144956;;
SAN DIONISIO;39.47728329916550;-0.380710629624787;;
RIO;39.42178659935210;-0.340555703310546;;
LITERATO AZORIN;39.46016645597140;-0.374667931251224;;
PRIMERO DE MAYO;39.44878925862090;-0.386564182816048;;
LITOGRAFO PASCUAL Y ABAD;39.45151363037300;-0.392837058833505;;
PEDRO ALEIXANDRE;39.46097276895490;-0.363920628007149;;
ALCACER;39.47091977760480;-0.406570800681976;;
ANTONIO PONZ;39.48085593207600;-0.327336800182428;;
RAMON LLULL;39.47600278901710;-0.347166254842345;;
VALLE DE LA BALLESTERA;39.48009540548870;-0.396068852183842;;
QUART;39.47623027652210;-0.380841214381681;;
SAGASTA;39.46980331915870;-0.373142839340337;;
SAN JACINTO;39.47549915788530;-0.389644686907427;;
CASTIELFABIB;39.47929936881550;-0.396296818373888;;
MATIAS PERELLO;39.46168606671640;-0.367155177842590;;
MARIANO DE CAVIA;39.45323947442390;-0.402677466178908;;
ISAAC PERAL;39.45971190866190;-0.339099847582284;;
ISLA CABRERA;39.44908841521560;-0.379001605860644;;
MATEMATICO MARZAL;39.46618888816060;-0.378702066622106;;
MAYOR DE NAZARET;39.45008120934000;-0.334100246075118;;
CONDE DE ALTEA;39.46667899177250;-0.366496376880565;;
SE-ERA;39.45785745263450;-0.362899118418448;;
MURCIA;39.46477914669840;-0.408023877701410;;
MALILLA;39.44930307831140;-0.379568983490735;;
RUGAT;39.46929484070100;-0.352567488033033;;
REINA;39.47403828207520;-0.375808903191139;;
PRIMERO DE MAYO;39.44885255777560;-0.387711241924899;;
PROFESSOR LOPEZ PIsERO;39.45502128727600;-0.355066228092016;;
MAESTRO VALLS;39.46325837441880;-0.342559298753262;;
BARCELONINA;39.47136960647660;-0.375791318114376;;
LUIS OLIAG;39.46158408981200;-0.361141205832703;;
RICARDO MICO;39.48111280294310;-0.387266273075283;;
NA JORDANA;39.47978315712490;-0.380811302329556;;
BADAJOZ;39.48122512581870;-0.399273677908199;;
PINTOR MAELLA;39.46351199248140;-0.346315045347623;;
VISITACION;39.48296384247770;-0.377428877977282;;
MENENDEZ Y PELAYO;39.47934016974570;-0.361013829831480;;
PINTOR MATARANA;39.49331113874700;-0.392929840411546;;
CUENCA;39.46256546190910;-0.389615880344035;;
RUBEN DARIO;39.47744562262730;-0.353070823022275;;
LUZ CASANOVA;39.48964422962050;-0.372819989057634;;
REGNE DE VALENCIA;39.46353312452690;-0.367448788737141;;
MAESTRO AGUILAR;39.46108443731960;-0.370128007220949;;
REGNE DE VALENCIA;39.46337466584380;-0.366736472015954;;
JESUS;39.46060584410110;-0.388142695096876;;
JERONIMO MUgOZ;39.45865691169410;-0.385443085605830;;
MATIAS PERELLO;39.46231538243230;-0.366069679314346;;
FELIX PIZCUETA;39.46749939525360;-0.373490544644900;;
SUECA;39.46319509943400;-0.376364567084646;;
LUIS SANTANGEL;39.46298459459670;-0.367650717261778;;
DOLORES MARQUES;39.48566154162840;-0.363266123259060;;
AYUNTAMIENTO;39.46935924315540;-0.376625017719778;;
DOCTOR LANDETE;39.46325487894140;-0.371725156192660;;
JOAQUIN COSTA;39.46340128895590;-0.365180455046377;;
PEDRO III EL GRANDE;39.46316947813870;-0.367524863641380;;
PUERTO;39.46731151158550;-0.357067791906032;;
RUZAFA;39.46423885944670;-0.373199602146996;;
ESCRIVA;39.45805400234700;-0.386000857415631;;
JOAQUIN COSTA;39.46549132482780;-0.366650926387860;;
JUAN DE GARAY;39.45447709624220;-0.394209232028375;;
JESUS;39.46130991847740;-0.387470075962766;;
PUEBLA DE VALVERDE;39.45965718859010;-0.401682283303037;;
SUECA;39.46222551313590;-0.375684065084715;;
DOCTOR SUMSI;39.46249947975670;-0.368623739029815;;
REGNE DE VALENCIA;39.46312775606700;-0.365590604171925;;
MATIAS PERELLO;39.46085377545390;-0.368997985088777;;
ALEJANDRO VI;39.46287834389830;-0.364951066279448;;
SUECA;39.46113418852400;-0.374917483402899;;
JESUS;39.46164286035850;-0.387245785495860;;
PROFESOR ANGEL LACALLE;39.45552826102500;-0.401939732607538;;
REGNE DE VALENCIA;39.46369612369100;-0.366477525983073;;
DENIA;39.46329716719730;-0.374206486658981;;
BUENOS AIRES;39.46172350471050;-0.376481222215436;;
PUERTO;39.46761283068640;-0.358082971032371;;
PUERTO;39.46772431618440;-0.359053315478561;;
ALBOCACER;39.48619063712520;-0.362399691974923;;
MISTRAL;39.48489937039400;-0.358069108988706;;
CADIZ;39.46386900319600;-0.375057601221227;;
BEATO NICOLAS FACTOR;39.46089310689140;-0.390511196364116;;
PINTOR STOLZ;39.46984558849160;-0.401902178656351;;
CUBA;39.45867299517770;-0.374803193119449;;
MATIAS PERELLO;39.46236046589260;-0.365553538391367;;
TRES FORQUES;39.46359937289070;-0.402523986243446;;
REGNE DE VALENCIA;39.46333906746040;-0.365515943279313;;
REGNE DE VALENCIA;39.46346883523610;-0.366116323884077;;
CONDE DE ALTEA;39.46715230210260;-0.365368281511546;;
PATRAIX;39.46313656967340;-0.392574050267501;;
CARLOS CERVERA;39.46200907941160;-0.372820471654931;;
FELIX PIZCUETA;39.46688983090760;-0.373066368118357;;
MARQUES DEL TURIA;39.46774530988840;-0.366954874007084;;
REY DON JAIME;39.47678430520930;-0.381233605397882;;
DOCTOR GARCIA DONATO;39.47664754999770;-0.348328080016908;;
BILBAO;39.48984608036760;-0.371293615890597;;
LUIS SANTANGEL;39.46201080395890;-0.367073933956145;;
CADIZ;39.46060688463540;-0.372640276565799;;
AMPARO BALLESTER;39.47219994651950;-0.335267061225687;;
SERRERIA;39.46496309705180;-0.335956609281173;;
DOCTOR NICASIO BENLLOCH;39.48762569763710;-0.389095698740068;;
SARRION;39.48709854161270;-0.377791827959215;;
CID;39.46862746347480;-0.397552755933563;;
EMILIO BARO;39.48761316864900;-0.361012758613076;;
JACA;39.48465957873870;-0.370461061555154;;
SIETE AGUAS;39.46214186576510;-0.340611078619585;;
LEBON;39.46473372610600;-0.350245491803012;;
JOSE GROLLO;39.49343454738480;-0.392529038304853;;
CAMPOS CRESPO;39.45652264979870;-0.390877025480773;;
PERIS Y VALERO;39.46222855186050;-0.363408839022455;;
AMADO GRANELL MESADO (MILITAR);39.45955368647230;-0.365518976171018;;
ARCHIDUQUE CARLOS;39.46211864334230;-0.397871736990853;;
AYUNTAMIENTO;39.46913876911780;-0.376109384951047;;
ARCHIDUQUE CARLOS;39.45917869595590;-0.401045021101647;;
REINA DOCA MARIA;39.46115536395780;-0.372496262456843;;
ALEJANDRA SOLER (MESTRA);39.47747689004370;-0.382666627015843;;
CIUDAD DE MULA;39.47452078079070;-0.354700212884517;;
OBISPO JAIME PEREZ;39.45884729650430;-0.365968042239252;;
VALLE DE LA BALLESTERA;39.47849508025960;-0.399224363595535;;
MARQUES DE SOTELO;39.46879899423740;-0.377026090599192;;
LLANERA DE RANES;39.45341258048160;-0.389404527505137;;
IMPRESOR LAMBERT PALMART;39.47185057765280;-0.344597818806815;;
ESCALANTE;39.46766087447490;-0.330944204501172;;
PADRE PORTA;39.46056245232070;-0.335388936153925;;
PERIS Y VALERO;39.45910663114490;-0.370805867707834;;
ALAMEDA;39.46595851015980;-0.359257280132262;;
SAN VICENTE MARTIR;39.46394513991670;-0.381992208107336;;
FILIPINAS;39.45864864430640;-0.376810466309501;;
POETA ALTET;39.48615065037080;-0.364804403140252;;
PINTOR VILA PRADES;39.46962044668470;-0.389764147631008;;
AGUSTIN SALES;39.45558257998830;-0.388367804211519;;
SAN JUAN BOSCO;39.49552069417900;-0.370526151072630;;
JOSE FAUS;39.46617731211810;-0.354287883711326;;
ESCULTOR JOSE CAPUZ;39.46046297195790;-0.361873660384928;;
DEMOCRACIA;39.47320533060360;-0.400663683549619;;
BLASCO IBArEZ;39.47486101282990;-0.349418612087059;;
CASTELLON;39.46590394829580;-0.376394917769275;;
MAESTRO SOSA;39.46083778833510;-0.382428771763815;;
GAYANO LLUCH;39.49107005013530;-0.380686735769880;;
SAN JUAN BOSCO;39.49468246082530;-0.371078152639045;;
PADRE VICENT;39.45707757353470;-0.372499067650325;;
MARQUES DEL TURIA;39.46735028512740;-0.367877569309643;;
LORIGUILLA;39.48968656213070;-0.386238813736339;;
PINTOR FERRER CALATAYUD;39.46759974896110;-0.337894275850826;;
CAMPANAR;39.48749144697100;-0.389922088163547;;
JESUS;39.46678916599180;-0.383018494088734;;
AMADO GRANELL MESADO (MILITAR);39.45885822401900;-0.365026555102382;;
JUAN LLORENS;39.47042923208320;-0.389043134687621;;
MICER MASCO;39.47536171280930;-0.362009891620939;;
RICARDO MICO;39.48259366451710;-0.388318434688062;;
CONDE DE ALTEA;39.46615937995160;-0.367730923448402;;
CASTELLON;39.46459813830720;-0.375472379272085;;
ARQUITECTO SEGURA DE LAGO;39.45586985213250;-0.404362258465868;;
