ISABEL LA CATOLICA;39.46728689;-0.36934096
ALCIRA;39.46687418;-0.384854163
SAN VICENTE MARTIR;39.46717313;-0.380462528
MU-OZ SECA;39.4732545;-0.361756367
REINA;39.47403828;-0.375808903
PADRE VICAS;39.49593387;-0.368949601
CASTIELFABIB;39.47783255;-0.395440652
BUENOS AIRES;39.4617235;-0.376481222
REGNE DE VALENCIA;39.46393608;-0.368260783
HERNAN CORTES;39.46895363;-0.37190486
JOSE MARIA HARO (MAGISTRAT);39.47185026;-0.337833551
MARIE CURIE (CIENTsFICA);39.49112569;-0.377218139
DEMOCRACIA;39.47357602;-0.399411444
RUZAFA;39.46423886;-0.373199602
RODRIGO BOTET;39.47128632;-0.375365747
MARTIN EL HUMANO;39.47075783;-0.390947183
CONDE DE ALTEA;39.46596282;-0.36803419
COMEDIAS;39.47230002;-0.372477148
PERIS BRELL;39.46467101;-0.347737039
EMILIO BARO;39.48447777;-0.362561845
ALAMEDA;39.46595851;-0.35925728
SAN MARCELINO;39.44533851;-0.390446384
FRANCISCO DE BELLVIS;39.46474495;-0.340278323
MANUEL BROSETA I PONT (IL.LUSTRE CATEDRATIC);39.47877576;-0.342385809
CUENCA TRAMOYERES;39.48315678;-0.360713056
COMEDIAS;39.47267323;-0.372444246
JOAQUIN COSTA;39.46611629;-0.367090009
SALABERT;39.46358711;-0.396009901
EMILIO BARO;39.48463087;-0.362335028
ENRIQUE NAVARRO;39.48492465;-0.358576469
VERA;39.48107489;-0.358650401
COVADONGA;39.48684159;-0.378406036
DOCTOR GARCIA DONATO;39.47664755;-0.34832808
VIVES LIERN;39.46476504;-0.380551817
VICENTE PUCHOL;39.42879255;-0.363695695
ARQUITECTO LUCINI;39.49129443;-0.376242027
XUQUER;39.47646166;-0.350115875
PADRE SIMO;39.50388554;-0.423357704
ISLA CABRERA;39.44890681;-0.377499102
ALBORAYA;39.48116655;-0.371058562
DOCTOR WAKSMAN;39.45539495;-0.369308712
TRES CRUCES;39.45697659;-0.401260111
SARRION;39.48709854;-0.377791828
MENENDEZ Y PELAYO;39.47963914;-0.361608429
CONDE DE TORREFIEL;39.49257844;-0.375776954
MARIA CRISTINA;39.47296708;-0.377555526
PINTOR STOLZ;39.46984559;-0.401902179
MU-OZ SECA;39.47266198;-0.362102543
PADRE PORTA;39.46056245;-0.335388936
MANUEL CASTELLANOS;39.48675029;-0.361287501
SAN VICENTE MARTIR;39.46349229;-0.381890082
DOCTOR COLLADO;39.47425171;-0.377922416
CONDE DE TORREFIEL;39.49402204;-0.37632
FLORESTA;39.46520657;-0.349448221
MASQUEFA;39.48948657;-0.358959554
MARQUES DEL TURIA;39.46561146;-0.372010861
ARCHIDUQUE CARLOS;39.46211864;-0.397871737
LEPANTO;39.47403806;-0.386142163
NAVARRO REVERTER;39.47104453;-0.366476824
BELLO;39.46040065;-0.334834304
PRIMERO DE MAYO;39.44885256;-0.387711242
VISITACION;39.48296384;-0.377428878
TRES CRUCES;39.46815136;-0.405713885
MAESTRO BELLVER;39.46571438;-0.391403988
PROFESOR ANGEL LACALLE;39.45552826;-0.401939733
CONDE DE ALTEA;39.46693539;-0.36572857
CONDE DE TRENOR;39.47890018;-0.37490613
POETA ALTET;39.48665967;-0.364174967
ANTONIO SUAREZ;39.46764767;-0.357702477
SAGUNTO;39.4883993;-0.375192337
CIUDAD DE BRUJAS;39.47304117;-0.379532176
CONDE DE ALTEA;39.46615938;-0.367730923
JACINTO BENAVENTE;39.46685254;-0.363153506
JUAN LLORENS;39.47406318;-0.391749821
SAN JOSE DE CALASANZ;39.46667275;-0.387854185
VINALOPO;39.47726397;-0.350423315
SALVADOR GINER;39.48020322;-0.379892324
REINA;39.47296489;-0.328086803
ESTRELLA;39.46604807;-0.380447695
PINTOR BENEDITO;39.46572935;-0.382513835
VILLA DE MURO;39.48387899;-0.361714145
PEDRO ALEIXANDRE;39.45996767;-0.362066348
CAMPOAMOR;39.46955339;-0.342616041
CALLOSA DaEN SARRIA;39.46163973;-0.387645956
REINA;39.46665004;-0.328899414
LEANDRO DE SARALEGUI;39.47514574;-0.348382975
CAMPANAR;39.48313471;-0.392272385
OEST;39.46946567;-0.379706656
PERIODISTA GIL SUMBIELA;39.49223782;-0.383509759
PEREZ GALDOS;39.47040808;-0.392467134
DOCTOR MANUEL CANDELA;39.46678519;-0.350582975
PINTOR FERRANDIS;39.47194912;-0.329149041
JOAQUIN COSTA;39.46659455;-0.367427538
JUAN LLORENS;39.47296106;-0.390973354
MU-OZ DEGRAIN;39.47344301;-0.373206918
VENEZUELA;39.4552541;-0.388107377
PARQUE NAZARET;39.44881911;-0.332966851
ARQUITECTO RODRIGUEZ;39.49563514;-0.367177921
CAMPANAR;39.48569796;-0.39105515
QUART;39.47488598;-0.388620927
VALLADOLID;39.48881502;-0.359327424
QUART;39.4745468;-0.390975492
TRES FORQUES;39.46359937;-0.402523986
ARCHENA;39.47139889;-0.40654032
PRIMERO DE MAYO;39.44949801;-0.39030035
PINTOR MAELLA;39.46351199;-0.346315045
JOSE GROLLO;39.49454186;-0.394458949
POETA QUEROL;39.4709426;-0.374265101
CONDE DE ALTEA;39.46595575;-0.368356266
PERIS Y VALERO;39.45787533;-0.373247384
COTANDA;39.47100885;-0.376881151
PERIS Y VALERO;39.45733185;-0.374538413
PUERTO;39.46731151;-0.357067792
SU-SSA;39.45354512;-0.335462683
HIGINIO NOJA (PROFESSOR);39.4624399;-0.345837061
BARON DE CORTES;39.46197055;-0.37191424
VALL D;39.49198538;-0.401597613
JOAN BAPTISTE MUDOZ;39.46356268;-0.353906097
FILIPINAS;39.45864864;-0.376810466
AMADO GRANELL MESADO (MILITAR);39.45793135;-0.36396741
CIUDAD DE MULA;39.47452078;-0.354700213
ESCALANTE;39.46766087;-0.330944205
MATIAS PERELLO;39.46168607;-0.367155178
BLANQUERIAS;39.47933698;-0.376522213
GUILLEM DE CASTRO;39.47452378;-0.38406258
SERPIS;39.47422416;-0.34268665
PERIODISTA GIL SUMBIELA;39.49284103;-0.389583155
SECANET;39.50053581;-0.422692909
BURRIANA;39.46434673;-0.368482926
BARRACA;39.46387115;-0.329941922
FELIP MARIA GARIN;39.46816343;-0.35949621
CAMPANAR;39.48689576;-0.390205336
PLATA;39.45713579;-0.362523565
BARRACA;39.46539487;-0.329647715
SAN CLEMENTE;39.49018907;-0.402368816
FELIX DEL RIO (ACTIVISTA VEANAL);39.49117959;-0.383474179
DOCTOR WAKSMAN;39.45681044;-0.374562638
COFRENTES;39.4857905;-0.365963318
JERONIMA GALES (IMPRESSORA);39.45029167;-0.392316995
SAN JOSE DE PIGNATELLI;39.49119585;-0.383868095
EOLO;39.47034573;-0.355200634
NA ROBELLA;39.4505319;-0.372324469
VEINTICINCO DE ABRIL;39.47044577;-0.398268535
ALICANTE;39.46508562;-0.377285191
GIORGETA;39.45690423;-0.383036366
MALVARROSA;39.48407148;-0.32779488
FELIPE VALLS;39.50302512;-0.419886501
ALMAZORA;39.48450344;-0.371055083
GUILLEM DE CASTRO;39.47740622;-0.383929841
MARQUES DE SOTELO;39.46879899;-0.377026091
PEDREGUER;39.45402588;-0.37515218
ANGEL GUIMERA;39.47028007;-0.38564045
RUGAT;39.46929484;-0.352567488
BLASCO IBArEZ;39.47883669;-0.362981261
RIO;39.4217866;-0.340555703
CID;39.46777238;-0.393552745
REY DON JAIME;39.47678431;-0.381233605
MAESTRO AGUILAR;39.46108444;-0.370128007
PUERTO RICO;39.46143061;-0.375415742
TETUAN;39.47479579;-0.369873561
QUART;39.47607224;-0.382056258
PUERTO;39.46761283;-0.358082971
ALFONSO EL MAGNANIMO;39.4727239;-0.370490755
SANTANDER;39.45432195;-0.38941886
PECHINA;39.47913545;-0.385328063
PECHINA;39.47558512;-0.394564255
ISABEL LA CATOLICA;39.46926082;-0.370717522
COLON;39.46832002;-0.373047633
TIRSO DE MOLINA;39.47847976;-0.39264194
CONSERVA;39.46619415;-0.344041112
JESUS;39.46130992;-0.387470076
JOSE BALLESTER GOZALVO;39.48283353;-0.325034421
TOMAS DE VILLARROYA;39.44783699;-0.387868282
DEMOCRACIA;39.47406145;-0.39601028
RODRIGO DE PERTEGAS;39.46134779;-0.342973727
SAN FRANCISCO DE BORJA;39.46629997;-0.385780121
FRANCIA;39.46044954;-0.351929707
PADRE LUIS NAVARRO;39.46718658;-0.329905856
SUECA;39.46222551;-0.375684065
REGNE DE VALENCIA;39.46438949;-0.370329596
BURJASOT;39.49106806;-0.392103447
LLANTERNERS;39.46264315;-0.408898322
VALENCIA CLUB DE FUTBOL;39.47475192;-0.359879565
SAN VICENTE MARTIR;39.46741637;-0.380271584
MUSICO CABANILLES;39.44467775;-0.389800576
PRIMERO DE MAYO;39.44978351;-0.391803556
BURJASOT;39.494519;-0.395565963
JOAQUIN COSTA;39.46340129;-0.365180455
JUAN DE GARAY;39.45463528;-0.394633581
GONZALO RAMIRO PEDRER;39.48957328;-0.37901776
GAYANO LLUCH;39.49107005;-0.380686736
SAN PIO X;39.44562011;-0.389203286
PERIS CELDA;39.49890124;-0.394956137
VALLE DE LA BALLESTERA;39.48009541;-0.396068852
SAGASTA;39.46980332;-0.373142839
DEMOCRACIA;39.47334674;-0.40038644
CIRILO AMOROS;39.46837259;-0.369101551
SAN VICENTE MARTIR;39.47192378;-0.377083906
DOCTOR VICENTE ZARAGOZA;39.4840843;-0.360147398
CONSTITUCION;39.48341436;-0.378807916
AMADO GRANELL MESADO (MILITAR);39.45756452;-0.363718998
DUQUE DE GAETA;39.46539381;-0.350124392
JESUS;39.46678917;-0.383018494
PUERTO;39.46772432;-0.359053315
PADRE RICO;39.47191885;-0.389031728
JACINTO BENAVENTE;39.46801481;-0.363878716
VICENTE BARRERA CAMBRA;39.48073004;-0.357301801
MEDITERRANEO;39.46779054;-0.329985353
PRIMERO DE MAYO;39.449516;-0.391079113
CONDE DE TRENOR;39.47890185;-0.375663602
LERIDA;39.48375611;-0.377889565
DOCTOR VICENTE ZARAGOZA;39.48517023;-0.363174221
AUSIAS MARCH;39.45312709;-0.373450945
MARQUES DEL TURIA;39.46568899;-0.372063058
PERE MARIA ORTS I BOSCH (HISTORIADOR);39.47019014;-0.414513496
COLON;39.46876637;-0.372412403
DOCTOR SANCHIS BERGON;39.47856804;-0.38630107
PEDRO III EL GRANDE;39.4629913;-0.367947168
SAN VICENTE FERRER;39.47383929;-0.372705714
LUZ CASANOVA;39.48964423;-0.372819989
CIUDADELA;39.47549802;-0.369497568
PEDRO ALEIXANDRE;39.46097277;-0.363920628
OEST;39.47266718;-0.379669998
LORIGUILLA;39.48968656;-0.386238814
GUILLEM DE CASTRO;39.47740752;-0.383924596
OLIVERETA;39.47239568;-0.396213743
MAXIMILIANO THOUS;39.48760291;-0.373175835
DENIA;39.46204536;-0.377351245
ALEMANIA;39.48106565;-0.361821607
PADRE VICAS;39.49414015;-0.370571709
DOCTOR MONSERRAT;39.47557969;-0.384710468
MARVA;39.46395398;-0.38445551
PERIS Y VALERO;39.46222855;-0.363408839
SALAMANCA;39.46734531;-0.365152378
MARIANO DE CAVIA;39.45320483;-0.403156432
PUERTO RICO;39.46196723;-0.374137731
REINA;39.4658657;-0.329137384
JACOMART;39.49683951;-0.376227825
SO-ADOR;39.53893051;-0.403924489
CARLOS CERVERA;39.46327467;-0.372170218
FRANCISCO SEMPERE;39.46098544;-0.371156122
EMILIO BARO;39.48761317;-0.361012759
CARRICOLA;39.45253822;-0.38694125
SERPIS;39.47525522;-0.346192953
SALVADOR LLUCH;39.45868345;-0.36735676
LITERATO AZORIN;39.45924716;-0.376856483
PADRE VICAS;39.49456287;-0.370199228
TORRETA DE MIRAMAR;39.48762327;-0.362718536
DOCTOR JUAN REGLA;39.47361969;-0.358794134
BEATO GALVEZ;39.46430445;-0.383374813
CID;39.46862746;-0.397552756
DOCTOR NICASIO BENLLOCH;39.4876257;-0.389095699
CISCAR;39.46749006;-0.366691315
PIE DE LA CRUZ;39.47313413;-0.380083031
MONCADA;39.49133934;-0.378820334
ERUDITO ORELLANA;39.47093501;-0.387361606
MARQUES DEL TURIA;39.46601997;-0.371280002
JOAQUIN NAVARRO;39.45271081;-0.38540745
JUMILLA;39.46727256;-0.404739815
HERNAN CORTES;39.46704527;-0.370561006
HONORATO JUAN;39.46479298;-0.386627098
TAMARINDOS;39.47823297;-0.402317553
JERONIMO MUgOZ;39.45865691;-0.385443086
COLON;39.4711086;-0.369442656
TORRENTE;39.46165136;-0.402943504
ALBACETE;39.46410976;-0.383335178
RAFAEL TENES ESCRICH;39.49911548;-0.417690416
ISAAC PERAL;39.45971191;-0.339099848
VALLE DE LA BALLESTERA;39.47849508;-0.399224364
CARRASQUETA;39.49415923;-0.395454925
MATIAS PERELLO;39.46085378;-0.368997985
CADIZ;39.46060688;-0.372640277
CIRILO AMOROS;39.46770346;-0.370684375
DOCTOR ROYO VILANOVA;39.4437212;-0.391590433
PEDRO CABANES;39.49473975;-0.375989059
PROFESOR BELTRAN BAGUENA;39.48063301;-0.389264807
RUZAFA;39.46446606;-0.373422411
LITERATO GABRIEL MIRO;39.47179977;-0.39151645
DENIA;39.46329717;-0.374206487
JOAQUIN BALLESTER;39.48445774;-0.386310569
MENENDEZ Y PELAYO;39.47934017;-0.36101383
PERIS Y VALERO;39.46180529;-0.363929506
MENENDEZ Y PELAYO;39.47977836;-0.362490804
ALEJANDRA SOLER (MESTRA);39.47747689;-0.382666627
SAN JOSE DE CALASANZ;39.46640994;-0.387173379
JUAN RAMON JIMENEZ;39.45524743;-0.376224416
FELIX PIZCUETA;39.46688983;-0.373066368
REGNE DE VALENCIA;39.46458344;-0.372246229
GENERAL SAN MARTIN;39.46519036;-0.374325796
CALVO ACACIO;39.45338985;-0.39154253
SERRANO MORALES;39.46950449;-0.365158177
PINTOR MATARANA;39.49331114;-0.39292984
PARRA;39.48306705;-0.39632933
MANUEL SANCHIS GUARNER;39.45729981;-0.375353617
SAGUNTO;39.48599934;-0.374595853
CAMPOS CRESPO;39.45652265;-0.390877025
BUEN ORDEN;39.46679586;-0.386566728
MATEMATICO MARZAL;39.46667001;-0.380217695
GORGOS;39.47632959;-0.351285922
ALCOY;39.46398613;-0.376907991
DOCTOR SERRA;39.46705635;-0.375188382
DOCTOR VICENTE ZARAGOZA;39.48368072;-0.358184041
PINTOR VILAR;39.48201542;-0.370419631
RAMON LLULL;39.47799222;-0.346347597
CONDE DE ALTEA;39.4668235;-0.365949348
MENENDEZ Y PELAYO;39.47975058;-0.361987503
CISCAR;39.46704302;-0.366381968
MEDITERRANEO;39.46777257;-0.331193605
AYUNTAMIENTO;39.46966226;-0.375674431
MOTILLA DEL PALANCAR;39.48980997;-0.369620607
JOAQUIN COSTA;39.46702742;-0.367733646
RUZAFA;39.46581032;-0.374349031
DEMOCRACIA;39.47320533;-0.400663684
LUIS SANTANGEL;39.46298459;-0.367650717
CONSERVA;39.46400456;-0.345126223
ARTURO PIERA;39.47020765;-0.394485385
AZAGADOR DE ALBORAYA;39.48861438;-0.362044404
JERONIMA GALES (IMPRESSORA);39.45169205;-0.391550219
SAN VICENTE MARTIR;39.46226709;-0.382193495
AYUNTAMIENTO;39.47100109;-0.376628909
PELAYO;39.46404054;-0.379844019
HERMANOS VILLALONGA;39.48562322;-0.357061248
PERIS Y VALERO;39.45910663;-0.370805868
SAN MIGUEL;39.47649386;-0.380307989
CONSUELO;39.46326335;-0.336360108
SAN JOSE DE LA MONTAaA;39.47443446;-0.392852598
JOSE AGUIRRE;39.46153895;-0.332769823
MIGUEL SERVET;39.48807361;-0.393923181
REINA DOCA MARIA;39.46115536;-0.372496262
OLIMPIA AROZENA TORRES (PROFESSORA);39.46975645;-0.392387619
MALILLA;39.44930308;-0.379568983
REAL DE MADRID;39.43009206;-0.392697381
MARIA LLACER;39.46952711;-0.383768525
SAN JUAN BOSCO;39.49468246;-0.371078153
BERNIA;39.45427683;-0.372799644
DOCTOR NICASIO BENLLOCH;39.49201054;-0.396764371
PERIODISTA GIL SUMBIELA;39.4917849;-0.384990499
GUILLEM DE CASTRO;39.47402904;-0.384002822
POETA MAS Y ROS;39.47031328;-0.348130631
CAVITE;39.48389553;-0.32655255
JORGE JUAN;39.46838567;-0.36865365
AVELLANAS;39.47443826;-0.374270687
MARINO ALBESA;39.46555718;-0.343902266
JUAN XXIII;39.49079761;-0.382475539
DUQUE DE MANDAS;39.49161804;-0.366436316
JOSE MARIA HARO (MAGISTRAT);39.46988108;-0.338224906
ALBORAYA;39.48431974;-0.369530264
AYUNTAMIENTO;39.46935924;-0.376625018
BURJASOT;39.49247473;-0.39344342
ALBACETE;39.46534944;-0.382554228
MERCADO;39.47388029;-0.3784291
ISABEL LA CATOLICA;39.46811351;-0.369861734
NAVARRO REVERTER;39.47137519;-0.367151385
ERNESTO ANASTASIO;39.46781236;-0.333555911
CADIZ;39.463869;-0.375057601
ALBA;39.43539151;-0.391899287
JUAN DE CELAYA;39.45167101;-0.38579886
SAN JACINTO;39.47549916;-0.389644687
BACHILLER;39.4824547;-0.363295453
ALEJANDRO VOLTA;39.46789559;-0.415736594
SERPIS;39.47288612;-0.338187766
CRISOSTOMO MARTINEZ;39.49990558;-0.422751004
DOCTOR LANDETE;39.46325488;-0.371725156
SAN JOSE DE LA MONTAaA;39.47447324;-0.393469683
MARTI GRAJALES;39.46866781;-0.333328133
NI-OS DE SAN VICENTE;39.46981247;-0.372646654
CAMPANAR;39.48749145;-0.389922088
HUMANISTA MARINER;39.46036753;-0.393783513
PROFESOR BELTRAN BAGUENA;39.4821056;-0.390299109
MOLINA DEL PALAU;39.45446498;-0.370662255
CUENCA;39.46482312;-0.387896186
SAN IGNACIO DE LOYOLA;39.47422806;-0.388250694
MATEMATICO MARZAL;39.46618889;-0.378702067
ZORRILLA;39.4436355;-0.366844749
MALVARROSA;39.48155755;-0.327978878
ISMAEL BLAT (PINTOR);39.43251646;-0.390613985
CASTIELFABIB;39.47929937;-0.396296818
EMILIO BARO;39.48561912;-0.36199695
DOCTOR SUMSI;39.46249948;-0.368623739
GUILLEM DE ANGLESOLA;39.46415413;-0.346050988
ALCACER;39.47138111;-0.409038977
VICENTE BRULL;39.46692754;-0.332355841
QUART;39.47472841;-0.389884119
MICER MASCO;39.47536171;-0.362009892
BLANQUERIAS;39.4796983;-0.376934896
MISTRAL;39.48489937;-0.358069109
MUSICO PENELLA;39.45193301;-0.39234411
MASTIL;39.27932085;-0.277188654
ARQUITECTO SEGURA DE LAGO;39.45586985;-0.404362258
HERNAN CORTES;39.46886912;-0.37184545
DANIEL BALACIART;39.4796865;-0.35642032
CIUDAD DE MULA;39.47402538;-0.353400673
FRANCISCO SEMPERE;39.46047794;-0.370679349
SANTA MARIA MICAELA;39.47173811;-0.392965359
JESUS;39.46060584;-0.388142695
GASPAR AGUILAR;39.45751448;-0.389760422
SAN JOSE DE LA MONTAaA;39.47456445;-0.392443873
HEROE ROMEU;39.46924636;-0.388477757
PADILLA;39.46988814;-0.378930863
MUSICO CABANILLES;39.44494782;-0.39096396
JERONIMO MUgOZ;39.45937045;-0.387660591
SEGOVIA;39.44886453;-0.391900577
CIRILO AMOROS;39.4668778;-0.372644086
MUSICO BARBIERI;39.46127515;-0.393811538
LINARES;39.46826902;-0.39503067
ABEN AL ABBAR;39.46622962;-0.352982611
BRASIL;39.4711281;-0.396078277
JUAN LLORENS;39.47176951;-0.390130268
CADIZ;39.46181907;-0.373611781
JOAQUIN BENLLOCH;39.45220457;-0.375548198
CHIVA;39.46518185;-0.390296653
LUIS GARCIA-BERLANGA MARTI (DIRECTOR CINEMA);39.45587141;-0.345780396
DEMOCRACIA;39.47354203;-0.400117277
BORRULL;39.47461815;-0.385403588
MARIANO DE CAVIA;39.45323947;-0.402677466
PERIS Y VALERO;39.45945862;-0.369982787
ALAMEDA;39.45847049;-0.35107521
HERNAN CORTES;39.46829583;-0.371442185
LINTERNA;39.47230323;-0.379134484
BEHRING;39.44307762;-0.387395916
AGUSTINA DE ARAGON;39.45506656;-0.388946007
JOSE BALLESTER GOZALVO;39.47487134;-0.324680621
CASTELLON;39.46459814;-0.375472379
JACOMART;39.49644115;-0.377961854
URUGUAY;39.4578805;-0.386818814
PEREZ BAYER;39.46982331;-0.371522478
MAESTRO BELLVER;39.46610658;-0.391062154
INDUSTRIA;39.46352671;-0.343890189
DEMOCRACIA;39.47342632;-0.400553942
FRANCIA;39.459905;-0.351153238
JOAQUIN MARIN;39.50234057;-0.423541536
CAMPOAMOR;39.47269097;-0.353275366
SAN JOSE DE CALASANZ;39.46695616;-0.389395902
GUILLEM DE CASTRO;39.47452485;-0.384066899
FUENTE DE SAN LUIS;39.45452737;-0.371567258
POETA QUEROL;39.47131713;-0.374177261
GUILLEM DE CASTRO;39.47358318;-0.383981591
CHILE;39.47116997;-0.354911978
CIRILO AMOROS;39.46957108;-0.36626104
ROIG DE CORELLA;39.45967629;-0.384005741
AMADO GRANELL MESADO (MILITAR);39.4598455;-0.365324996
BLASCO IBArEZ;39.47486101;-0.349418612
JORGE JUAN;39.46877003;-0.369048333
FONTILLES;39.44979096;-0.334205177
PINTOR ZARIgENA;39.47683737;-0.382925635
CRONISTA ALMELA Y VIVES;39.47775773;-0.356022479
BAILEN;39.46695257;-0.37794765
BLASCO IBArEZ;39.47701495;-0.359539162
CIRILO AMOROS;39.4690995;-0.367375667
PEREZ GALDOS;39.46507237;-0.388863124
ARZOBISPO FABIAN Y FUERO;39.48339101;-0.382913989
BADAJOZ;39.48122513;-0.399273678
MAR;39.47382434;-0.373492177
DOCTOR GIL Y MORTE;39.46211685;-0.38226772
SAN JUAN BOSCO;39.49552069;-0.370526151
MUSICO MAGENTI;39.48315024;-0.35920247
REGNE DE VALENCIA;39.46337467;-0.366736472
CAMPAMENTO;39.5022114;-0.421110659
POETA QUINTANA;39.47116625;-0.370578699
CATALU;39.47860103;-0.354218053
SAN COLUMBANO;39.48927182;-0.357789203
LUIS SANTANGEL;39.46167494;-0.366839921
DEMOCRACIA;39.47414385;-0.39562118
ALMAZORA;39.48308626;-0.371943368
DIPUTADA CLARA CAMPOAMOR;39.48995465;-0.366509682
GORGOS;39.47621476;-0.351798207
SAN DIONISIO;39.4772833;-0.38071063
GUILLEM DE ANGLESOLA;39.46422402;-0.346202874
PINTOR VILAR;39.48239355;-0.371617009
FELIX PIZCUETA;39.4674994;-0.373490545
AYUNTAMIENTO;39.46984051;-0.375989302
OBISPO JAIME PEREZ;39.4588473;-0.365968042
LEBON;39.46473373;-0.350245492
COLON;39.47058396;-0.370018412
TOTANA;39.46973356;-0.394580142
CIRILO AMOROS;39.46844721;-0.368630037
MAESTRO SOSA;39.46083779;-0.382428772
GENERAL PRIM;39.46261792;-0.370476483
LERIDA;39.4838943;-0.37842613
POETA MAS Y ROS;39.46833641;-0.34121819
ALCOY;39.46453705;-0.377194314
RAMON LLULL;39.47600279;-0.347166255
LEOPOLDO PILES ROS (PROFESSOR);39.46347902;-0.397465864
COLON;39.46722527;-0.374629896
ANDRES MANCEBO;39.4642176;-0.355837592
AYORA;39.46445009;-0.393676766
MONESTIR DE POBLET;39.48551883;-0.393349939
CISCAR;39.46651038;-0.366015021
DOLORES MARQUES;39.48566154;-0.363266123
LUIS LAMARCA;39.47080915;-0.403173632
RINCON DE ADEMUZ;39.47237742;-0.403061148
POETA MAS Y ROS;39.47033447;-0.347804545
JOSE BENLLIURE;39.46518924;-0.330884031
POETA ALBEROLA;39.46922784;-0.393103807
OEST;39.47184001;-0.379804
LORENZO SALOM;39.45677329;-0.386090279
AMADO GRANELL MESADO (MILITAR);39.45955369;-0.365518976
MENENDEZ Y PELAYO;39.48013497;-0.363293334
PIANISTA AMPARO ITURBI;39.45464971;-0.382017519
POBLA DE FARNALS;39.46999338;-0.353168797
REGNE DE VALENCIA;39.46312776;-0.365590604
SAGASTA;39.46974994;-0.373320988
DEMOCRACIA;39.47366097;-0.399599576
PROFESSOR LOPEZ PIsERO;39.45502129;-0.355066228
UTIEL;39.48598189;-0.360090877
TRAFALGAR;39.46318116;-0.3441555
LLANERA DE RANES;39.45341258;-0.389404528
HUMANISTA FURIO;39.46891077;-0.344673902
ALEJANDRO VI;39.46287834;-0.364951066
MALAGA;39.48465179;-0.382500416
RODRIGUEZ DE CEPEDA;39.46914337;-0.35502918
ESCULTOR FRECHINA;39.45140782;-0.389614604
PRIMERO DE MAYO;39.44878926;-0.386564183
CIRILO AMOROS;39.4665609;-0.373172645
ALBORAYA;39.48489293;-0.369231064
POETA ALTET;39.48615065;-0.364804403
MATEMATICO MARZAL;39.4666073;-0.380306743
ACTOR LLORENS;39.46809056;-0.354870012
CASTELLON;39.46524016;-0.376120532
XUQUER;39.47579212;-0.350716746
FUENTE DE SAN LUIS;39.45648449;-0.371686785
BALEARES;39.46343549;-0.355791909
HORTICULTOR CORSET;39.47326117;-0.391727807
BURJASOT;39.4916017;-0.392537683
APARICIO ALBI ANA;39.48427645;-0.397218475
SAN VALERO;39.46434978;-0.371786662
BURJASOT;39.49390378;-0.395045098
DOCTOR ZAMENHOF;39.47455621;-0.394872518
BURJASOT;39.49509726;-0.396281224
GENERAL SAN MARTIN;39.46539781;-0.375594158
VILARAGUT;39.47182085;-0.374613938
AMADO GRANELL MESADO (MILITAR);39.45885822;-0.365026555
JORGE JUAN;39.46842297;-0.368638599
FRAY PEDRO VIVES;39.4865912;-0.373473748
RIBERA;39.46739756;-0.37599238
PADRE URBANO;39.4890219;-0.374200349
FRANCISCO BALDOMA;39.46568384;-0.333432297
PROFESOR BELTRAN BAGUENA;39.48074725;-0.389161871
MAXIMILIANO THOUS;39.4876718;-0.374433
PINZON;39.47658846;-0.382449053
JUAN XXIII;39.49294509;-0.382937656
SAN JACINTO;39.47508983;-0.391524794
ALAMO;39.49186224;-0.390915143
JOSE FAUS;39.46617731;-0.354287884
DAMA DE ELCHE;39.46277021;-0.342769956
EMILIO BARO;39.48713013;-0.361250731
CRUZ DEL CAgAMELAR;39.46791117;-0.331779066
CARTEROS;39.44954808;-0.389200169
PEDRO III EL GRANDE;39.46230906;-0.369561066
JOSEP SOLER CARNICER (ESCRIPTOR);39.45112659;-0.334759932
LUIS LAMARCA;39.4709189;-0.400552174
BARRACA;39.46685034;-0.329530108
BARCELONINA;39.47136961;-0.375791318
GUILLEM DE CASTRO;39.46822132;-0.380109875
JOSE BENLLIURE;39.4642385;-0.330989157
ADOR;39.42888054;-0.362478904
JOAQUIN COSTA;39.46572619;-0.366816199
DEMOCRACIA;39.47397462;-0.397828794
FELIX PIZCUETA;39.46632792;-0.372677133
CASTELL DE POP;39.44836735;-0.334289583
MICER RABASA;39.45666998;-0.387551058
ELIAS TORMO;39.5009874;-0.41947882
QUART;39.47552975;-0.385127061
ALCACER;39.4710392;-0.4076334
BLASCO IBArEZ;39.47336586;-0.34442705
ALCAyIZ;39.49300058;-0.378094099
PALLETER;39.46931327;-0.386534257
MATIAS PERELLO;39.46236047;-0.365553538
DOLORES MARQUES;39.4863598;-0.362902055
NEPTUNO;39.46322163;-0.323555635
SUECA;39.46113419;-0.374917483
ACTOR LLORENS;39.46967109;-0.354097013
LIBRERO ESCLAPES;39.49754204;-0.375302645
REUS;39.48524998;-0.384827683
SAN JUAN DE LA PEeA;39.49606136;-0.370432396
BLASCO IBArEZ;39.47691632;-0.356527007
MURCIA;39.46477915;-0.408023878
REVERENDO JOSE NOGUERA;39.44369497;-0.392342431
PRIMADO REIG;39.48619026;-0.365768987
FRANCISCO CLIMENT;39.45536127;-0.386685182
CERVANTES;39.4670316;-0.38188381
VIVER;39.48682462;-0.365670779
HERNAN CORTES;39.46774912;-0.37105594
ARQUITECTO RODRIGUEZ;39.49391631;-0.369194502
OLTA;39.45274006;-0.376622418
AGUSTIN LARA;39.4934998;-0.37126393
SALVADOR SASTRE;39.4635593;-0.380980272
JORGE JUAN;39.46833842;-0.368817306
MAESTRO PALAU;39.47156506;-0.384307376
ALCALDE ALBORS;39.47240441;-0.395400145
MENENDEZ Y PELAYO;39.48025728;-0.363709692
CONCHITA PIQUER;39.48688321;-0.391775951
FERRER Y BIGNE;39.52723875;-0.385678416
BILBAO;39.48698138;-0.372749871
BURJASOT;39.49327839;-0.39427989
REINA;39.474072;-0.375250436
CONDE DE ALTEA;39.46667899;-0.366496377
MARIA DE MOLINA;39.45211135;-0.389951267
JUAN DE GARAY;39.4544771;-0.394209232
ALAMEDA;39.45709416;-0.349087173
CONDE DE SALVATIERRA;39.4686681;-0.367417646
JUAN LLORENS;39.47042923;-0.389043135
ARCHIDUQUE CARLOS;39.46126717;-0.398796102
MAXIMILIANO THOUS;39.48746315;-0.373358898
BOLBAITE;39.48218287;-0.327885971
OEST;39.46933442;-0.379526366
RAMIRO DE MAEZTU;39.46737513;-0.348137132
SAN VICENTE DE PAUL;39.49064255;-0.37081461
SALAMANCA;39.46778722;-0.36533142
TRAFALGAR;39.46045505;-0.345641925
PINTOR VILA PRADES;39.46962045;-0.389764148
JUAN RAMON JIMENEZ;39.45492098;-0.376150708
CAMPAMENTO;39.50035048;-0.425352134
ALCACER;39.47091978;-0.406570801
LORCA;39.46865285;-0.391706412
CASTELL DE POP;39.44818273;-0.333769315
JOSE MARIA MORTES LERMA;39.46283755;-0.402015679
EMILIO BARO;39.48635357;-0.3614825
ZAPADORES;39.45769754;-0.368277168
BEATO NICOLAS FACTOR;39.46089311;-0.390511196
LUIS BOLINCHES COMPAa (ESCULTOR);39.45733527;-0.344549057
BRASIL;39.47078855;-0.395315198
SEVILLA;39.46380003;-0.374011963
DOCTOR CALATAYUD BAYA;39.4807519;-0.396044112
OLTA;39.45263543;-0.377733245
DUQUE DE MANDAS;39.49114197;-0.36609639
BAILEN;39.46558809;-0.378527607
RODRIGUEZ DE CEPEDA;39.46850136;-0.352839467
SAFOR;39.4909117;-0.398316179
LEONES;39.46867585;-0.347237214
CAMBRILS;39.49489023;-0.379922228
POETA MAS Y ROS;39.46793277;-0.339829378
SAN VICENTE MARTIR;39.45577055;-0.383875278
NAVARRO REVERTER;39.47091023;-0.366205866
PUERTO;39.46146453;-0.337989023
GONZALEZ MARTI;39.47383834;-0.393148111
TURIA;39.47761243;-0.385438492
CAMPANAR;39.48278161;-0.392440898
BURJASOT;39.4891087;-0.390131796
REAL DE GANDIA;39.48486814;-0.35481829
DOCTOR LLUCH;39.46432578;-0.328862172
REGNE DE VALENCIA;39.46333907;-0.365515943
AYUNTAMIENTO;39.46913877;-0.376109385
AMADO GRANELL MESADO (MILITAR);39.45908605;-0.364783959
JOAQUIN NAVARRO;39.45291248;-0.387004468
MARQUES DEL TURIA;39.46742613;-0.367932674
SAN FRANCISCO DE BORJA;39.46604779;-0.38515466
BLASCO IBArEZ;39.47812389;-0.363310344
DIBUJANTE MANUEL GAGO;39.462186;-0.391077518
AYUNTAMIENTO;39.46931464;-0.376059722
BLASCO IBArEZ;39.47025223;-0.336504364
LEGION ESPAgOLA;39.47721444;-0.366952284
MONESTIR DE POBLET;39.48491623;-0.394790231
DOCTOR ZAMENHOF;39.47579768;-0.391945762
HONDURAS;39.47426919;-0.344395681
PEDRO CABANES;39.49430791;-0.377929089
CORREOS;39.46979855;-0.374549514
JOSE MARIA MORTES LERMA;39.46289453;-0.403659503
SIETE AGUAS;39.46214187;-0.340611079
LITERATO AZORIN;39.46016646;-0.374667931
ARCHIDUQUE CARLOS;39.4591787;-0.401045021
BRASIL;39.47204217;-0.399238077
BARON DE SAN PETRILLO;39.48679869;-0.360257185
AYORA;39.46581877;-0.392474167
AMPARO BALLESTER;39.47219995;-0.335267061
MALVARROSA;39.48108468;-0.327979047
REINA;39.46437673;-0.329357845
JESUS;39.46164286;-0.387245785
FELIX DEL RIO (ACTIVISTA VE;39.49198934;-0.379936559
NOGUERA;39.46242422;-0.341652854
EN PLOM;39.47505083;-0.383832021
ALFONSO EL MAGNANIMO;39.47257889;-0.370701866
LLANERA DE RANES;39.45412055;-0.390862574
BAILEN;39.46628647;-0.378232458
ROGER DE LAURIA;39.46912309;-0.374413167
POETA SERRANO CLAVERO;39.4930224;-0.388599039
MARQUES DEL TURIA;39.46644701;-0.370000109
MARQUES DEL TURIA;39.46774531;-0.366954874
DOCTOR RAFAEL BARTUAL;39.45371705;-0.404150972
PLATA;39.45744633;-0.361793713
LUIS OLIAG;39.46158409;-0.361141206
MOSSEN CUENCA;39.42231927;-0.338905122
MALUQUER;39.46287867;-0.385047367
MATHEU Y SANZ;39.45780212;-0.38886389
CUBA;39.46052398;-0.375956191
AGUSTIN SALES;39.45558258;-0.388367804
CORTS VALENCIANES;39.49072266;-0.400134141
ALBERIQUE;39.46644824;-0.388019586
RODRIGO DE PERTEGAS;39.4617409;-0.344286763
CORTS VALENCIANES;39.49098507;-0.400322635
CASTELLON;39.46590395;-0.376394918
VALLE DE LA BALLESTERA;39.48029953;-0.395069774
LUIS SANTANGEL;39.4620108;-0.367073934
MASCARON;39.27912292;-0.277269361
RICARDO MICO;39.4811128;-0.387266273
PADRE VICENT;39.45707757;-0.372499068
JESUS;39.4643863;-0.384875751
QUART;39.47481469;-0.389907873
CAMP DE TURIA;39.49576901;-0.40041899
REGNE DE VALENCIA;39.46369612;-0.366477526
PRINCIPAL;39.43026389;-0.363382179
CARLOS CERVERA;39.46200908;-0.372820472
CID;39.4674759;-0.391912779
MARQUES DEL TURIA;39.46735029;-0.367877569
PINTOR FERRER CALATAYUD;39.46759975;-0.337894276
QUART;39.47623028;-0.380841214
EMILIO BARO;39.49133405;-0.359165328
PEDRO III EL GRANDE;39.46316948;-0.367524864
SAN VICENTE MARTIR;39.46394514;-0.381992208
TRES FORQUES;39.46409875;-0.395220857
EMILIO BARO;39.48954088;-0.359907009
JUAN XXIII;39.49208212;-0.382618256
ALMUDAINA;39.45359421;-0.382939088
MATIAS PERELLO;39.46231538;-0.366069679
PUERTO DE SANTA MARIA;39.4846633;-0.399725859
VICENTE SANCHO TELLO;39.46937223;-0.355808449
NA JORDANA;39.47978316;-0.380811302
SANTO DOMINGO SAVIO;39.49480091;-0.374933746
CALVO ACACIO;39.45268256;-0.389542891
ALBERIQUE;39.46726705;-0.388611664
SEGORBE;39.46541516;-0.376261249
JESUS;39.4661236;-0.383379025
SERRERIA;39.4649631;-0.335956609
JUAN RAMON JIMENEZ;39.45244254;-0.37442919
PINTOR STOLZ;39.46979072;-0.401108262
CRONISTA RIVELLES;39.48080882;-0.373743576
TORRENTE;39.4617574;-0.400362055
ESCRIVA;39.458054;-0.386000857
JUAN DE MENA;39.47217115;-0.385650492
ALFAHUIR;39.48883698;-0.366337586
CIUDAD DE MULA;39.47415595;-0.353844282
CUBA;39.458673;-0.374803193
DOLORES MARQUES;39.48746316;-0.362331609
GUILLEM DE CASTRO;39.47442484;-0.383801804
PATRAIX;39.46313657;-0.39257405
BURJASOT;39.49839404;-0.39988461
JOSE BALLESTER GOZALVO;39.47844536;-0.32468826
JORGE JUAN;39.46919003;-0.369247489
MUSICO ESPI;39.4970762;-0.374273619
ANGEL GUIMERA;39.47027451;-0.385638008
MARQUES DEL TURIA;39.46653096;-0.370058256
(Sin Asignar);39.46097695;-0.380683061
ERUDITO ORELLANA;39.47094714;-0.387485094
PEREZ PUJOL;39.46943839;-0.374860964
PRIMADO REIG;39.48823791;-0.368520505
MAESTRO AGUILAR;39.46024805;-0.369480028
CRONISTA CARRERES;39.47271315;-0.367664583
MALVARROSA;39.47965276;-0.327986086
HERMANOS VILLALONGA;39.48382863;-0.357648834
DOCTOR PESET CERVERA;39.4747297;-0.386784862
ALMACERA;39.45273891;-0.391732883
SAN JOSE DE CALASANZ;39.4667714;-0.38924589
FRANCIA;39.45891491;-0.346603732
ENGUERA;39.46647143;-0.394729645
CAUDETE;39.30950936;-0.317649568
JERONIMA GALES (IMPRESSORA);39.45316991;-0.390556646
CONDE DE ALTEA;39.4671523;-0.365368282
OEST;39.47068987;-0.379581863
ANTONIO PONZ;39.48085593;-0.3273368
RUBEN DARIO;39.47744562;-0.353070823
ERNESTO FERRER;39.47187008;-0.355310038
CULTURA;39.47291294;-0.37445337
MAESTRO ASENSI;39.47149074;-0.395348104
MADRE SACRAMENTO;39.48110237;-0.372389023
EOLO;39.4712606;-0.357418792
RAMON ASENSIO;39.48215124;-0.358534524
SUECA;39.4631951;-0.376364567
MATIAS PERELLO;39.46205953;-0.366269153
ALBORAYA;39.48272679;-0.370304726
JULIAN PEaA;39.46817932;-0.39286934
CONSOLAT DE MAR;39.46289238;-0.371635189
CARTEROS;39.44847537;-0.389424802
CONDE DE SALVATIERRA;39.46875893;-0.367481019
JOSE GROLLO;39.49343455;-0.392529038
APARISI Y GUIJARRO;39.47509197;-0.371647974
XATIVA;39.46808686;-0.379453417
BURJASOT;39.48523666;-0.38556836
NARANJOS;39.48001872;-0.346695
JACOMART;39.49657221;-0.377386245
MAESTRO VALLS;39.46325837;-0.342559299
JESUS;39.46059902;-0.388356908
MU-IZ Y H. DE ALBA;39.46451195;-0.347166109
SANTO DOMINGO SAVIO;39.49411187;-0.374658517
ENGUERA;39.46723025;-0.395035315
GUILLEM DE CASTRO;39.47402796;-0.384004885
MADERAS;39.46219032;-0.339411828
SERPIS;39.47612272;-0.349670279
JOSE BALLESTER GOZALVO;39.46954391;-0.324879695
PADILLA;39.4700393;-0.379313432
PIANISTA AMPARO ITURBI;39.45497776;-0.382803242
REGNE DE VALENCIA;39.46416856;-0.37035084
JOSE BALLESTER GOZALVO;39.47687554;-0.324671077
ANTONIO JUAN;39.47253325;-0.333045479
SAN IGNACIO DE LOYOLA;39.47328166;-0.390468945
BILBAO;39.48984608;-0.371293616
MOSSEN FENOLLAR;39.46125529;-0.388921191
JACA;39.48380306;-0.36729264
JOSE AGUILAR;39.46279665;-0.341381594
VALLADOLID;39.48891585;-0.358664663
DOCTOR MANUEL CANDELA;39.46865071;-0.349821568
MAYOR DE NAZARET;39.45008121;-0.334100246
SE-ERA;39.45785745;-0.362899118
AZCARRAGA;39.4740579;-0.391538971
MAR;39.47356041;-0.371613712
REGNE DE VALENCIA;39.46346884;-0.366116324
LEONES;39.46495668;-0.348655627
JOSE BALLESTER GOZALVO;39.48113937;-0.324767864
ALCACER;39.47068069;-0.406945987
LITERATO AZORIN;39.45975747;-0.375824578
MARQUES DEL TURIA;39.46594001;-0.371224469
ALBEROLA;39.45460276;-0.370388826
POETA SERRANO CLAVERO;39.49162011;-0.389538374
MAESTRO GOZALBO;39.46570675;-0.369562296
REVERENDO JOSE NOGUERA;39.44631777;-0.391325946
MOSSEN SORELL;39.47772777;-0.38024076
ESTRELLA;39.46633205;-0.380330192
IMPRESOR LAMBERT PALMART;39.47185058;-0.344597819
POETA ARTOLA;39.47585212;-0.34880643
PERIS Y VALERO;39.46004546;-0.368103838
LITOGRAFO PASCUAL Y ABAD;39.45151363;-0.392837059
OLTA;39.45254079;-0.37552319
CANOVAS DEL CASTILLO;39.46797758;-0.365706936
CIRILO AMOROS;39.46750425;-0.371154321
ENRIQUE NAVARRO;39.48439448;-0.356863395
PUEBLA DE VALVERDE;39.45965719;-0.401682283
PINTOR SEGRELLES;39.46422638;-0.385688314
PINTOR SEGRELLES;39.46389006;-0.385943896
PEDRO III EL GRANDE;39.46199978;-0.370292608
REQUENA;39.46998545;-0.380014554
JERONIMO MUgOZ;39.45880332;-0.386003852
MARQUES DEL TURIA;39.46782426;-0.367011023
ARQUITECTO ALFARO;39.46131053;-0.335793479
MAXIMILIANO THOUS;39.48787145;-0.374554551
SANTO DOMINGO SAVIO;39.49601277;-0.375390255
CONDE DE ALTEA;39.46642335;-0.366944384
ALBOCACER;39.48619064;-0.362399692
DOCTOR LLUCH;39.46675653;-0.328505512
VALLE DE AYORA;39.49129656;-0.397853559
ARTES Y OFICIOS;39.46781942;-0.352285186
GUILLEM DE CASTRO;39.47358188;-0.38398114
PINTOR VILAR;39.48220746;-0.370305999
PEDRO CABANES;39.49406196;-0.379064461
JACA;39.48465958;-0.370461062
PROFESOR TAMARIT OLMOS;39.47997293;-0.363033895
GUILLEM DE CASTRO;39.47283923;-0.384024735
NARANJOS;39.47836502;-0.340963392
JOSE BENLLIURE;39.46722071;-0.330681596
MALVARROSA;39.47885596;-0.327989463
AZCARRAGA;39.4744654;-0.388423243
JESUS;39.46023496;-0.388558436
CARTAGENA;39.4709025;-0.393646138
REGNE DE VALENCIA;39.46353312;-0.367448789
FRANCIA;39.45927494;-0.346543148
HERNAN CORTES;39.46738494;-0.370800582
ACTOR LLORENS;39.46695636;-0.355341273
MAESTRO ESTEBAN CATALA;39.48195327;-0.360720143
ROJAS CLEMENTE;39.47330282;-0.38512576
SUECIA;39.47504401;-0.359231649
ISLA CABRERA;39.44908842;-0.379001606
QUART;39.47512543;-0.387525612
JOSE SOTO MICO;39.43964966;-0.389148328
PINTOR MATARANA;39.49293325;-0.393535605
HISTORIADOR DIAGO;39.46648687;-0.385974187
GUILLEM DE CASTRO;39.47665842;-0.384075569
XATIVA;39.46782817;-0.378442427
RAMON DE CASTRO;39.46357456;-0.389062717
PUERTO RICO;39.46087249;-0.376740064
CUENCA;39.46256546;-0.38961588
PEDRO DE VALENCIA;39.46869361;-0.33800843
VALLADOLID;39.4886753;-0.358232616
LORENZO SALOM;39.45769866;-0.385947613
SAN VICENTE MARTIR;39.46291557;-0.382258593
CONCHA ESPINA;39.47261176;-0.351153357
GOYA;39.4733309;-0.398274045
JOAQUIN COSTA;39.46549132;-0.366650926
RICARDO MICO;39.48259366;-0.388318435
MUSICO CABANILLES;39.44519311;-0.392016385
MENENDEZ PIDAL;39.48052856;-0.387173326
BLASCO IBArEZ;39.47912835;-0.363967318
FRANCISCO BALDOMA;39.46626063;-0.333369983
ALQUERIA DE LA ESTRELLA;39.48535718;-0.382963581
BARON DE CORTES;39.46220088;-0.371061785
MARQUES DE SAN JUAN;39.47781834;-0.397268949
NORTE;39.47559933;-0.390864659
ROJAS CLEMENTE;39.47314623;-0.385483993
MONTEOLIVETE;39.45937305;-0.358751299
SAN MIGUEL;39.47754619;-0.380290192
ESCULTOR JOSE CAPUZ;39.46046297;-0.36187366
